,Original,Destination,passengers
0,Montana,Montana,3727.0
1,Montana,Florida,7.0
2,Montana,Washington,28667.0
3,Montana,Arkansas,0.0
4,Montana,South Dakota,0.0
5,Montana,Mississippi,0.0
6,Montana,Kansas,0.0
7,Montana,Virginia,0.0
8,Montana,Georgia,825.0
9,Montana,Kentucky,0.0
10,Montana,Rhode Island,0.0
11,Montana,Oklahoma,72.0
12,Montana,Louisiana,0.0
13,Montana,Minnesota,18934.0
14,Montana,U.S. Pacific Trust Territories and Possessions,0.0
15,Montana,Michigan,0.0
16,Montana,Pennsylvania,0.0
17,Montana,Nebraska,0.0
18,Montana,Wyoming,0.0
19,Montana,Oregon,1305.0
20,Montana,Iowa,0.0
21,Montana,South Carolina,0.0
22,Montana,Vermont,0.0
23,Montana,Maryland,0.0
24,Montana,Connecticut,0.0
25,Montana,North Carolina,1376.0
26,Montana,New Mexico,0.0
27,Montana,U.S. Virgin Islands,0.0
28,Montana,Texas,15193.0
29,Montana,New Jersey,9.0
30,Montana,New Hampshire,0.0
31,Montana,Alaska,0.0
32,Montana,North Dakota,0.0
33,Montana,Maine,0.0
34,Montana,Colorado,60234.0
35,Montana,California,6518.0
36,Montana,Missouri,0.0
37,Montana,Nevada,10454.0
38,Montana,Delaware,0.0
39,Montana,Wisconsin,13.0
40,Montana,New York,0.0
41,Montana,Puerto Rico,0.0
42,Montana,Ohio,0.0
43,Montana,Alabama,0.0
44,Montana,Utah,41218.0
45,Montana,Hawaii,0.0
46,Montana,Illinois,7200.0
47,Montana,Indiana,0.0
48,Montana,Idaho,52.0
49,Montana,West Virginia,0.0
50,Montana,Tennessee,1118.0
51,Montana,Arizona,6725.0
52,Montana,Massachusetts,10.0
53,Florida,Montana,0.0
54,Florida,Florida,305966.0
55,Florida,Washington,37699.0
56,Florida,Arkansas,5949.0
57,Florida,South Dakota,1085.0
58,Florida,Mississippi,3297.0
59,Florida,Kansas,0.0
60,Florida,Virginia,205154.0
61,Florida,Georgia,659666.0
62,Florida,Kentucky,117763.0
63,Florida,Rhode Island,29965.0
64,Florida,Oklahoma,6984.0
65,Florida,Louisiana,56503.0
66,Florida,Minnesota,89537.0
67,Florida,U.S. Pacific Trust Territories and Possessions,0.0
68,Florida,Michigan,161501.0
69,Florida,Pennsylvania,286612.0
70,Florida,Nebraska,4863.0
71,Florida,Wyoming,0.0
72,Florida,Oregon,4855.0
73,Florida,Iowa,8944.0
74,Florida,South Carolina,23036.0
75,Florida,Vermont,0.0
76,Florida,Maryland,174840.0
77,Florida,Connecticut,62256.0
78,Florida,North Carolina,412224.0
79,Florida,New Mexico,0.0
80,Florida,U.S. Virgin Islands,28522.0
81,Florida,Texas,636704.0
82,Florida,New Jersey,345958.0
83,Florida,New Hampshire,11339.0
84,Florida,Alaska,0.0
85,Florida,North Dakota,593.0
86,Florida,Maine,5802.0
87,Florida,Colorado,148286.0
88,Florida,California,170976.0
89,Florida,Missouri,113750.0
90,Florida,Nevada,71112.0
91,Florida,Delaware,1131.0
92,Florida,Wisconsin,30139.0
93,Florida,New York,537753.0
94,Florida,Puerto Rico,173706.0
95,Florida,Ohio,130117.0
96,Florida,Alabama,13824.0
97,Florida,Utah,38376.0
98,Florida,Hawaii,1372.0
99,Florida,Illinois,377432.0
100,Florida,Indiana,94052.0
101,Florida,Idaho,0.0
102,Florida,West Virginia,7778.0
103,Florida,Tennessee,165121.0
104,Florida,Arizona,45534.0
105,Florida,Massachusetts,199612.0
106,Washington,Montana,26817.0
107,Washington,Florida,40368.0
108,Washington,Washington,163762.0
109,Washington,Arkansas,0.0
110,Washington,South Dakota,0.0
111,Washington,Mississippi,0.0
112,Washington,Kansas,1618.0
113,Washington,Virginia,24280.0
114,Washington,Georgia,47844.0
115,Washington,Kentucky,6717.0
116,Washington,Rhode Island,0.0
117,Washington,Oklahoma,3432.0
118,Washington,Louisiana,4151.0
119,Washington,Minnesota,47929.0
120,Washington,U.S. Pacific Trust Territories and Possessions,0.0
121,Washington,Michigan,23668.0
122,Washington,Pennsylvania,16112.0
123,Washington,Nebraska,4150.0
124,Washington,Wyoming,507.0
125,Washington,Oregon,98919.0
126,Washington,Iowa,0.0
127,Washington,South Carolina,3919.0
128,Washington,Vermont,0.0
129,Washington,Maryland,4790.0
130,Washington,Connecticut,0.0
131,Washington,North Carolina,21260.0
132,Washington,New Mexico,4834.0
133,Washington,U.S. Virgin Islands,0.0
134,Washington,Texas,100859.0
135,Washington,New Jersey,22968.0
136,Washington,New Hampshire,0.0
137,Washington,Alaska,96174.0
138,Washington,North Dakota,0.0
139,Washington,Maine,0.0
140,Washington,Colorado,86488.0
141,Washington,California,419670.0
142,Washington,Missouri,17639.0
143,Washington,Nevada,108818.0
144,Washington,Delaware,0.0
145,Washington,Wisconsin,4479.0
146,Washington,New York,31711.0
147,Washington,Puerto Rico,0.0
148,Washington,Ohio,2763.0
149,Washington,Alabama,0.0
150,Washington,Utah,59731.0
151,Washington,Hawaii,70661.0
152,Washington,Illinois,72488.0
153,Washington,Indiana,5061.0
154,Washington,Idaho,36108.0
155,Washington,West Virginia,0.0
156,Washington,Tennessee,13235.0
157,Washington,Arizona,104302.0
158,Washington,Massachusetts,26499.0
159,Arkansas,Montana,0.0
160,Arkansas,Florida,6404.0
161,Arkansas,Washington,0.0
162,Arkansas,Arkansas,55.0
163,Arkansas,South Dakota,0.0
164,Arkansas,Mississippi,210.0
165,Arkansas,Kansas,0.0
166,Arkansas,Virginia,2570.0
167,Arkansas,Georgia,31083.0
168,Arkansas,Kentucky,0.0
169,Arkansas,Rhode Island,0.0
170,Arkansas,Oklahoma,199.0
171,Arkansas,Louisiana,72.0
172,Arkansas,Minnesota,1179.0
173,Arkansas,U.S. Pacific Trust Territories and Possessions,0.0
174,Arkansas,Michigan,0.0
175,Arkansas,Pennsylvania,0.0
176,Arkansas,Nebraska,0.0
177,Arkansas,Wyoming,0.0
178,Arkansas,Oregon,0.0
179,Arkansas,Iowa,0.0
180,Arkansas,South Carolina,0.0
181,Arkansas,Vermont,0.0
182,Arkansas,Maryland,0.0
183,Arkansas,Connecticut,0.0
184,Arkansas,North Carolina,17637.0
185,Arkansas,New Mexico,0.0
186,Arkansas,U.S. Virgin Islands,0.0
187,Arkansas,Texas,63296.0
188,Arkansas,New Jersey,35.0
189,Arkansas,New Hampshire,0.0
190,Arkansas,Alaska,0.0
191,Arkansas,North Dakota,0.0
192,Arkansas,Maine,0.0
193,Arkansas,Colorado,12440.0
194,Arkansas,California,0.0
195,Arkansas,Missouri,3619.0
196,Arkansas,Nevada,3711.0
197,Arkansas,Delaware,0.0
198,Arkansas,Wisconsin,0.0
199,Arkansas,New York,2839.0
200,Arkansas,Puerto Rico,0.0
201,Arkansas,Ohio,0.0
202,Arkansas,Alabama,19.0
203,Arkansas,Utah,0.0
204,Arkansas,Hawaii,0.0
205,Arkansas,Illinois,14718.0
206,Arkansas,Indiana,0.0
207,Arkansas,Idaho,0.0
208,Arkansas,West Virginia,0.0
209,Arkansas,Tennessee,870.0
210,Arkansas,Arizona,863.0
211,Arkansas,Massachusetts,0.0
212,South Dakota,Montana,0.0
213,South Dakota,Florida,1183.0
214,South Dakota,Washington,0.0
215,South Dakota,Arkansas,8.0
216,South Dakota,South Dakota,0.0
217,South Dakota,Mississippi,0.0
218,South Dakota,Kansas,8.0
219,South Dakota,Virginia,190.0
220,South Dakota,Georgia,2239.0
221,South Dakota,Kentucky,0.0
222,South Dakota,Rhode Island,0.0
223,South Dakota,Oklahoma,0.0
224,South Dakota,Louisiana,0.0
225,South Dakota,Minnesota,15673.0
226,South Dakota,U.S. Pacific Trust Territories and Possessions,0.0
227,South Dakota,Michigan,0.0
228,South Dakota,Pennsylvania,0.0
229,South Dakota,Nebraska,0.0
230,South Dakota,Wyoming,0.0
231,South Dakota,Oregon,0.0
232,South Dakota,Iowa,0.0
233,South Dakota,South Carolina,0.0
234,South Dakota,Vermont,0.0
235,South Dakota,Maryland,0.0
236,South Dakota,Connecticut,0.0
237,South Dakota,North Carolina,4274.0
238,South Dakota,New Mexico,0.0
239,South Dakota,U.S. Virgin Islands,0.0
240,South Dakota,Texas,11769.0
241,South Dakota,New Jersey,2.0
242,South Dakota,New Hampshire,0.0
243,South Dakota,Alaska,0.0
244,South Dakota,North Dakota,0.0
245,South Dakota,Maine,0.0
246,South Dakota,Colorado,23123.0
247,South Dakota,California,7.0
248,South Dakota,Missouri,0.0
249,South Dakota,Nevada,3481.0
250,South Dakota,Delaware,0.0
251,South Dakota,Wisconsin,0.0
252,South Dakota,New York,0.0
253,South Dakota,Puerto Rico,0.0
254,South Dakota,Ohio,124.0
255,South Dakota,Alabama,0.0
256,South Dakota,Utah,1853.0
257,South Dakota,Hawaii,0.0
258,South Dakota,Illinois,14557.0
259,South Dakota,Indiana,0.0
260,South Dakota,Idaho,0.0
261,South Dakota,West Virginia,0.0
262,South Dakota,Tennessee,12.0
263,South Dakota,Arizona,9933.0
264,South Dakota,Massachusetts,0.0
265,Mississippi,Montana,0.0
266,Mississippi,Florida,3229.0
267,Mississippi,Washington,0.0
268,Mississippi,Arkansas,304.0
269,Mississippi,South Dakota,0.0
270,Mississippi,Mississippi,0.0
271,Mississippi,Kansas,0.0
272,Mississippi,Virginia,1170.0
273,Mississippi,Georgia,33372.0
274,Mississippi,Kentucky,570.0
275,Mississippi,Rhode Island,0.0
276,Mississippi,Oklahoma,81.0
277,Mississippi,Louisiana,217.0
278,Mississippi,Minnesota,629.0
279,Mississippi,U.S. Pacific Trust Territories and Possessions,0.0
280,Mississippi,Michigan,439.0
281,Mississippi,Pennsylvania,340.0
282,Mississippi,Nebraska,0.0
283,Mississippi,Wyoming,0.0
284,Mississippi,Oregon,0.0
285,Mississippi,Iowa,93.0
286,Mississippi,South Carolina,150.0
287,Mississippi,Vermont,0.0
288,Mississippi,Maryland,2339.0
289,Mississippi,Connecticut,123.0
290,Mississippi,North Carolina,11930.0
291,Mississippi,New Mexico,0.0
292,Mississippi,U.S. Virgin Islands,0.0
293,Mississippi,Texas,34636.0
294,Mississippi,New Jersey,0.0
295,Mississippi,New Hampshire,0.0
296,Mississippi,Alaska,0.0
297,Mississippi,North Dakota,0.0
298,Mississippi,Maine,0.0
299,Mississippi,Colorado,0.0
300,Mississippi,California,4.0
301,Mississippi,Missouri,162.0
302,Mississippi,Nevada,0.0
303,Mississippi,Delaware,0.0
304,Mississippi,Wisconsin,235.0
305,Mississippi,New York,220.0
306,Mississippi,Puerto Rico,0.0
307,Mississippi,Ohio,515.0
308,Mississippi,Alabama,145.0
309,Mississippi,Utah,0.0
310,Mississippi,Hawaii,0.0
311,Mississippi,Illinois,70.0
312,Mississippi,Indiana,299.0
313,Mississippi,Idaho,0.0
314,Mississippi,West Virginia,0.0
315,Mississippi,Tennessee,2329.0
316,Mississippi,Arizona,0.0
317,Mississippi,Massachusetts,0.0
318,Kansas,Montana,0.0
319,Kansas,Florida,0.0
320,Kansas,Washington,1671.0
321,Kansas,Arkansas,0.0
322,Kansas,South Dakota,8.0
323,Kansas,Mississippi,0.0
324,Kansas,Kansas,0.0
325,Kansas,Virginia,136.0
326,Kansas,Georgia,6420.0
327,Kansas,Kentucky,0.0
328,Kansas,Rhode Island,0.0
329,Kansas,Oklahoma,432.0
330,Kansas,Louisiana,307.0
331,Kansas,Minnesota,4444.0
332,Kansas,U.S. Pacific Trust Territories and Possessions,0.0
333,Kansas,Michigan,0.0
334,Kansas,Pennsylvania,0.0
335,Kansas,Nebraska,140.0
336,Kansas,Wyoming,0.0
337,Kansas,Oregon,0.0
338,Kansas,Iowa,166.0
339,Kansas,South Carolina,148.0
340,Kansas,Vermont,0.0
341,Kansas,Maryland,0.0
342,Kansas,Connecticut,0.0
343,Kansas,North Carolina,121.0
344,Kansas,New Mexico,0.0
345,Kansas,U.S. Virgin Islands,0.0
346,Kansas,Texas,26863.0
347,Kansas,New Jersey,0.0
348,Kansas,New Hampshire,0.0
349,Kansas,Alaska,0.0
350,Kansas,North Dakota,0.0
351,Kansas,Maine,0.0
352,Kansas,Colorado,13945.0
353,Kansas,California,8.0
354,Kansas,Missouri,3289.0
355,Kansas,Nevada,2996.0
356,Kansas,Delaware,0.0
357,Kansas,Wisconsin,65.0
358,Kansas,New York,0.0
359,Kansas,Puerto Rico,0.0
360,Kansas,Ohio,0.0
361,Kansas,Alabama,0.0
362,Kansas,Utah,0.0
363,Kansas,Hawaii,0.0
364,Kansas,Illinois,12662.0
365,Kansas,Indiana,0.0
366,Kansas,Idaho,0.0
367,Kansas,West Virginia,0.0
368,Kansas,Tennessee,4.0
369,Kansas,Arizona,1935.0
370,Kansas,Massachusetts,0.0
371,Virginia,Montana,7.0
372,Virginia,Florida,214138.0
373,Virginia,Washington,23186.0
374,Virginia,Arkansas,2505.0
375,Virginia,South Dakota,188.0
376,Virginia,Mississippi,1369.0
377,Virginia,Kansas,78.0
378,Virginia,Virginia,48126.0
379,Virginia,Georgia,180414.0
380,Virginia,Kentucky,23306.0
381,Virginia,Rhode Island,11664.0
382,Virginia,Oklahoma,771.0
383,Virginia,Louisiana,12056.0
384,Virginia,Minnesota,30531.0
385,Virginia,U.S. Pacific Trust Territories and Possessions,0.0
386,Virginia,Michigan,48365.0
387,Virginia,Pennsylvania,54197.0
388,Virginia,Nebraska,3265.0
389,Virginia,Wyoming,0.0
390,Virginia,Oregon,4883.0
391,Virginia,Iowa,2429.0
392,Virginia,South Carolina,34442.0
393,Virginia,Vermont,8394.0
394,Virginia,Maryland,13034.0
395,Virginia,Connecticut,19433.0
396,Virginia,North Carolina,160054.0
397,Virginia,New Mexico,194.0
398,Virginia,U.S. Virgin Islands,1527.0
399,Virginia,Texas,148415.0
400,Virginia,New Jersey,37441.0
401,Virginia,New Hampshire,6675.0
402,Virginia,Alaska,0.0
403,Virginia,North Dakota,0.0
404,Virginia,Maine,20933.0
405,Virginia,Colorado,68493.0
406,Virginia,California,98625.0
407,Virginia,Missouri,24502.0
408,Virginia,Nevada,15541.0
409,Virginia,Delaware,0.0
410,Virginia,Wisconsin,4848.0
411,Virginia,New York,114564.0
412,Virginia,Puerto Rico,8146.0
413,Virginia,Ohio,39078.0
414,Virginia,Alabama,10355.0
415,Virginia,Utah,8773.0
416,Virginia,Hawaii,873.0
417,Virginia,Illinois,122468.0
418,Virginia,Indiana,13918.0
419,Virginia,Idaho,0.0
420,Virginia,West Virginia,2240.0
421,Virginia,Tennessee,44219.0
422,Virginia,Arizona,16047.0
423,Virginia,Massachusetts,73872.0
424,Georgia,Montana,853.0
425,Georgia,Florida,664297.0
426,Georgia,Washington,44915.0
427,Georgia,Arkansas,30788.0
428,Georgia,South Dakota,2057.0
429,Georgia,Mississippi,33221.0
430,Georgia,Kansas,6571.0
431,Georgia,Virginia,175849.0
432,Georgia,Georgia,115175.0
433,Georgia,Kentucky,75591.0
434,Georgia,Rhode Island,12202.0
435,Georgia,Oklahoma,28714.0
436,Georgia,Louisiana,68630.0
437,Georgia,Minnesota,51419.0
438,Georgia,U.S. Pacific Trust Territories and Possessions,0.0
439,Georgia,Michigan,77904.0
440,Georgia,Pennsylvania,113150.0
441,Georgia,Nebraska,19442.0
442,Georgia,Wyoming,0.0
443,Georgia,Oregon,15649.0
444,Georgia,Iowa,12301.0
445,Georgia,South Carolina,107013.0
446,Georgia,Vermont,2147.0
447,Georgia,Maryland,71164.0
448,Georgia,Connecticut,24932.0
449,Georgia,North Carolina,175083.0
450,Georgia,New Mexico,13445.0
451,Georgia,U.S. Virgin Islands,10055.0
452,Georgia,Texas,298448.0
453,Georgia,New Jersey,80894.0
454,Georgia,New Hampshire,0.0
455,Georgia,Alaska,2304.0
456,Georgia,North Dakota,0.0
457,Georgia,Maine,7396.0
458,Georgia,Colorado,74845.0
459,Georgia,California,184841.0
460,Georgia,Missouri,77742.0
461,Georgia,Nevada,74810.0
462,Georgia,Delaware,0.0
463,Georgia,Wisconsin,41743.0
464,Georgia,New York,184291.0
465,Georgia,Puerto Rico,17723.0
466,Georgia,Ohio,79265.0
467,Georgia,Alabama,61219.0
468,Georgia,Utah,48854.0
469,Georgia,Hawaii,6905.0
470,Georgia,Illinois,117296.0
471,Georgia,Indiana,53949.0
472,Georgia,Idaho,2427.0
473,Georgia,West Virginia,3944.0
474,Georgia,Tennessee,132924.0
475,Georgia,Arizona,55054.0
476,Georgia,Massachusetts,68071.0
477,Kentucky,Montana,0.0
478,Kentucky,Florida,119408.0
479,Kentucky,Washington,6294.0
480,Kentucky,Arkansas,0.0
481,Kentucky,South Dakota,0.0
482,Kentucky,Mississippi,425.0
483,Kentucky,Kansas,0.0
484,Kentucky,Virginia,22403.0
485,Kentucky,Georgia,74770.0
486,Kentucky,Kentucky,119.0
487,Kentucky,Rhode Island,0.0
488,Kentucky,Oklahoma,0.0
489,Kentucky,Louisiana,2275.0
490,Kentucky,Minnesota,13815.0
491,Kentucky,U.S. Pacific Trust Territories and Possessions,0.0
492,Kentucky,Michigan,18159.0
493,Kentucky,Pennsylvania,12025.0
494,Kentucky,Nebraska,0.0
495,Kentucky,Wyoming,0.0
496,Kentucky,Oregon,0.0
497,Kentucky,Iowa,0.0
498,Kentucky,South Carolina,2097.0
499,Kentucky,Vermont,0.0
500,Kentucky,Maryland,16773.0
501,Kentucky,Connecticut,0.0
502,Kentucky,North Carolina,37538.0
503,Kentucky,New Mexico,0.0
504,Kentucky,U.S. Virgin Islands,0.0
505,Kentucky,Texas,56293.0
506,Kentucky,New Jersey,10257.0
507,Kentucky,New Hampshire,0.0
508,Kentucky,Alaska,0.0
509,Kentucky,North Dakota,0.0
510,Kentucky,Maine,0.0
511,Kentucky,Colorado,31501.0
512,Kentucky,California,6311.0
513,Kentucky,Missouri,198.0
514,Kentucky,Nevada,20560.0
515,Kentucky,Delaware,0.0
516,Kentucky,Wisconsin,147.0
517,Kentucky,New York,15146.0
518,Kentucky,Puerto Rico,0.0
519,Kentucky,Ohio,140.0
520,Kentucky,Alabama,0.0
521,Kentucky,Utah,4563.0
522,Kentucky,Hawaii,0.0
523,Kentucky,Illinois,54945.0
524,Kentucky,Indiana,114.0
525,Kentucky,Idaho,0.0
526,Kentucky,West Virginia,0.0
527,Kentucky,Tennessee,267.0
528,Kentucky,Arizona,7726.0
529,Kentucky,Massachusetts,6441.0
530,Rhode Island,Montana,0.0
531,Rhode Island,Florida,32681.0
532,Rhode Island,Washington,0.0
533,Rhode Island,Arkansas,0.0
534,Rhode Island,South Dakota,0.0
535,Rhode Island,Mississippi,0.0
536,Rhode Island,Kansas,0.0
537,Rhode Island,Virginia,11528.0
538,Rhode Island,Georgia,12489.0
539,Rhode Island,Kentucky,0.0
540,Rhode Island,Rhode Island,2489.0
541,Rhode Island,Oklahoma,0.0
542,Rhode Island,Louisiana,0.0
543,Rhode Island,Minnesota,0.0
544,Rhode Island,U.S. Pacific Trust Territories and Possessions,0.0
545,Rhode Island,Michigan,6196.0
546,Rhode Island,Pennsylvania,8217.0
547,Rhode Island,Nebraska,0.0
548,Rhode Island,Wyoming,0.0
549,Rhode Island,Oregon,0.0
550,Rhode Island,Iowa,0.0
551,Rhode Island,South Carolina,120.0
552,Rhode Island,Vermont,0.0
553,Rhode Island,Maryland,16424.0
554,Rhode Island,Connecticut,0.0
555,Rhode Island,North Carolina,12861.0
556,Rhode Island,New Mexico,0.0
557,Rhode Island,U.S. Virgin Islands,0.0
558,Rhode Island,Texas,320.0
559,Rhode Island,New Jersey,5227.0
560,Rhode Island,New Hampshire,0.0
561,Rhode Island,Alaska,0.0
562,Rhode Island,North Dakota,0.0
563,Rhode Island,Maine,0.0
564,Rhode Island,Colorado,0.0
565,Rhode Island,California,209.0
566,Rhode Island,Missouri,0.0
567,Rhode Island,Nevada,1.0
568,Rhode Island,Delaware,0.0
569,Rhode Island,Wisconsin,0.0
570,Rhode Island,New York,52.0
571,Rhode Island,Puerto Rico,0.0
572,Rhode Island,Ohio,0.0
573,Rhode Island,Alabama,0.0
574,Rhode Island,Utah,0.0
575,Rhode Island,Hawaii,0.0
576,Rhode Island,Illinois,17130.0
577,Rhode Island,Indiana,31.0
578,Rhode Island,Idaho,0.0
579,Rhode Island,West Virginia,0.0
580,Rhode Island,Tennessee,0.0
581,Rhode Island,Arizona,0.0
582,Rhode Island,Massachusetts,146.0
583,Oklahoma,Montana,0.0
584,Oklahoma,Florida,6871.0
585,Oklahoma,Washington,3717.0
586,Oklahoma,Arkansas,23.0
587,Oklahoma,South Dakota,0.0
588,Oklahoma,Mississippi,190.0
589,Oklahoma,Kansas,147.0
590,Oklahoma,Virginia,811.0
591,Oklahoma,Georgia,28050.0
592,Oklahoma,Kentucky,0.0
593,Oklahoma,Rhode Island,0.0
594,Oklahoma,Oklahoma,38.0
595,Oklahoma,Louisiana,521.0
596,Oklahoma,Minnesota,3434.0
597,Oklahoma,U.S. Pacific Trust Territories and Possessions,0.0
598,Oklahoma,Michigan,0.0
599,Oklahoma,Pennsylvania,0.0
600,Oklahoma,Nebraska,0.0
601,Oklahoma,Wyoming,0.0
602,Oklahoma,Oregon,0.0
603,Oklahoma,Iowa,137.0
604,Oklahoma,South Carolina,0.0
605,Oklahoma,Vermont,0.0
606,Oklahoma,Maryland,148.0
607,Oklahoma,Connecticut,0.0
608,Oklahoma,North Carolina,16556.0
609,Oklahoma,New Mexico,0.0
610,Oklahoma,U.S. Virgin Islands,0.0
611,Oklahoma,Texas,114296.0
612,Oklahoma,New Jersey,48.0
613,Oklahoma,New Hampshire,0.0
614,Oklahoma,Alaska,0.0
615,Oklahoma,North Dakota,0.0
616,Oklahoma,Maine,0.0
617,Oklahoma,Colorado,32930.0
618,Oklahoma,California,7415.0
619,Oklahoma,Missouri,9285.0
620,Oklahoma,Nevada,12983.0
621,Oklahoma,Delaware,0.0
622,Oklahoma,Wisconsin,50.0
623,Oklahoma,New York,0.0
624,Oklahoma,Puerto Rico,0.0
625,Oklahoma,Ohio,0.0
626,Oklahoma,Alabama,0.0
627,Oklahoma,Utah,8686.0
628,Oklahoma,Hawaii,0.0
629,Oklahoma,Illinois,23959.0
630,Oklahoma,Indiana,0.0
631,Oklahoma,Idaho,0.0
632,Oklahoma,West Virginia,0.0
633,Oklahoma,Tennessee,791.0
634,Oklahoma,Arizona,20173.0
635,Oklahoma,Massachusetts,0.0
636,Louisiana,Montana,0.0
637,Louisiana,Florida,55756.0
638,Louisiana,Washington,3613.0
639,Louisiana,Arkansas,0.0
640,Louisiana,South Dakota,0.0
641,Louisiana,Mississippi,227.0
642,Louisiana,Kansas,0.0
643,Louisiana,Virginia,11418.0
644,Louisiana,Georgia,68471.0
645,Louisiana,Kentucky,2281.0
646,Louisiana,Rhode Island,0.0
647,Louisiana,Oklahoma,434.0
648,Louisiana,Louisiana,296.0
649,Louisiana,Minnesota,3910.0
650,Louisiana,U.S. Pacific Trust Territories and Possessions,0.0
651,Louisiana,Michigan,5829.0
652,Louisiana,Pennsylvania,6394.0
653,Louisiana,Nebraska,0.0
654,Louisiana,Wyoming,0.0
655,Louisiana,Oregon,0.0
656,Louisiana,Iowa,0.0
657,Louisiana,South Carolina,149.0
658,Louisiana,Vermont,0.0
659,Louisiana,Maryland,11787.0
660,Louisiana,Connecticut,0.0
661,Louisiana,North Carolina,29960.0
662,Louisiana,New Mexico,0.0
663,Louisiana,U.S. Virgin Islands,0.0
664,Louisiana,Texas,167006.0
665,Louisiana,New Jersey,10957.0
666,Louisiana,New Hampshire,0.0
667,Louisiana,Alaska,0.0
668,Louisiana,North Dakota,0.0
669,Louisiana,Maine,0.0
670,Louisiana,Colorado,22378.0
671,Louisiana,California,11386.0
672,Louisiana,Missouri,4354.0
673,Louisiana,Nevada,12742.0
674,Louisiana,Delaware,0.0
675,Louisiana,Wisconsin,0.0
676,Louisiana,New York,13684.0
677,Louisiana,Puerto Rico,117.0
678,Louisiana,Ohio,1108.0
679,Louisiana,Alabama,90.0
680,Louisiana,Utah,3314.0
681,Louisiana,Hawaii,0.0
682,Louisiana,Illinois,25813.0
683,Louisiana,Indiana,0.0
684,Louisiana,Idaho,0.0
685,Louisiana,West Virginia,0.0
686,Louisiana,Tennessee,8889.0
687,Louisiana,Arizona,6906.0
688,Louisiana,Massachusetts,5688.0
689,Minnesota,Montana,18219.0
690,Minnesota,Florida,96658.0
691,Minnesota,Washington,48815.0
692,Minnesota,Arkansas,1087.0
693,Minnesota,South Dakota,15625.0
694,Minnesota,Mississippi,535.0
695,Minnesota,Kansas,4396.0
696,Minnesota,Virginia,29172.0
697,Minnesota,Georgia,51957.0
698,Minnesota,Kentucky,14311.0
699,Minnesota,Rhode Island,0.0
700,Minnesota,Oklahoma,3381.0
701,Minnesota,Louisiana,3822.0
702,Minnesota,Minnesota,32908.0
703,Minnesota,U.S. Pacific Trust Territories and Possessions,0.0
704,Minnesota,Michigan,43155.0
705,Minnesota,Pennsylvania,24517.0
706,Minnesota,Nebraska,12215.0
707,Minnesota,Wyoming,1.0
708,Minnesota,Oregon,19410.0
709,Minnesota,Iowa,8660.0
710,Minnesota,South Carolina,798.0
711,Minnesota,Vermont,0.0
712,Minnesota,Maryland,15617.0
713,Minnesota,Connecticut,10808.0
714,Minnesota,North Carolina,38174.0
715,Minnesota,New Mexico,146.0
716,Minnesota,U.S. Virgin Islands,0.0
717,Minnesota,Texas,82229.0
718,Minnesota,New Jersey,15854.0
719,Minnesota,New Hampshire,0.0
720,Minnesota,Alaska,4452.0
721,Minnesota,North Dakota,33238.0
722,Minnesota,Maine,0.0
723,Minnesota,Colorado,63054.0
724,Minnesota,California,104048.0
725,Minnesota,Missouri,22772.0
726,Minnesota,Nevada,48517.0
727,Minnesota,Delaware,0.0
728,Minnesota,Wisconsin,36415.0
729,Minnesota,New York,31846.0
730,Minnesota,Puerto Rico,965.0
731,Minnesota,Ohio,18631.0
732,Minnesota,Alabama,0.0
733,Minnesota,Utah,23948.0
734,Minnesota,Hawaii,0.0
735,Minnesota,Illinois,89186.0
736,Minnesota,Indiana,19617.0
737,Minnesota,Idaho,6445.0
738,Minnesota,West Virginia,0.0
739,Minnesota,Tennessee,26023.0
740,Minnesota,Arizona,58156.0
741,Minnesota,Massachusetts,29215.0
742,U.S. Pacific Trust Territories and Possessions,Montana,0.0
743,U.S. Pacific Trust Territories and Possessions,Florida,0.0
744,U.S. Pacific Trust Territories and Possessions,Washington,0.0
745,U.S. Pacific Trust Territories and Possessions,Arkansas,0.0
746,U.S. Pacific Trust Territories and Possessions,South Dakota,0.0
747,U.S. Pacific Trust Territories and Possessions,Mississippi,0.0
748,U.S. Pacific Trust Territories and Possessions,Kansas,0.0
749,U.S. Pacific Trust Territories and Possessions,Virginia,0.0
750,U.S. Pacific Trust Territories and Possessions,Georgia,0.0
751,U.S. Pacific Trust Territories and Possessions,Kentucky,0.0
752,U.S. Pacific Trust Territories and Possessions,Rhode Island,0.0
753,U.S. Pacific Trust Territories and Possessions,Oklahoma,0.0
754,U.S. Pacific Trust Territories and Possessions,Louisiana,0.0
755,U.S. Pacific Trust Territories and Possessions,Minnesota,0.0
756,U.S. Pacific Trust Territories and Possessions,U.S. Pacific Trust Territories and Possessions,10695.0
757,U.S. Pacific Trust Territories and Possessions,Michigan,0.0
758,U.S. Pacific Trust Territories and Possessions,Pennsylvania,0.0
759,U.S. Pacific Trust Territories and Possessions,Nebraska,0.0
760,U.S. Pacific Trust Territories and Possessions,Wyoming,0.0
761,U.S. Pacific Trust Territories and Possessions,Oregon,0.0
762,U.S. Pacific Trust Territories and Possessions,Iowa,0.0
763,U.S. Pacific Trust Territories and Possessions,South Carolina,0.0
764,U.S. Pacific Trust Territories and Possessions,Vermont,0.0
765,U.S. Pacific Trust Territories and Possessions,Maryland,0.0
766,U.S. Pacific Trust Territories and Possessions,Connecticut,0.0
767,U.S. Pacific Trust Territories and Possessions,North Carolina,0.0
768,U.S. Pacific Trust Territories and Possessions,New Mexico,0.0
769,U.S. Pacific Trust Territories and Possessions,U.S. Virgin Islands,0.0
770,U.S. Pacific Trust Territories and Possessions,Texas,0.0
771,U.S. Pacific Trust Territories and Possessions,New Jersey,0.0
772,U.S. Pacific Trust Territories and Possessions,New Hampshire,0.0
773,U.S. Pacific Trust Territories and Possessions,Alaska,0.0
774,U.S. Pacific Trust Territories and Possessions,North Dakota,0.0
775,U.S. Pacific Trust Territories and Possessions,Maine,0.0
776,U.S. Pacific Trust Territories and Possessions,Colorado,0.0
777,U.S. Pacific Trust Territories and Possessions,California,0.0
778,U.S. Pacific Trust Territories and Possessions,Missouri,0.0
779,U.S. Pacific Trust Territories and Possessions,Nevada,0.0
780,U.S. Pacific Trust Territories and Possessions,Delaware,0.0
781,U.S. Pacific Trust Territories and Possessions,Wisconsin,0.0
782,U.S. Pacific Trust Territories and Possessions,New York,0.0
783,U.S. Pacific Trust Territories and Possessions,Puerto Rico,0.0
784,U.S. Pacific Trust Territories and Possessions,Ohio,0.0
785,U.S. Pacific Trust Territories and Possessions,Alabama,0.0
786,U.S. Pacific Trust Territories and Possessions,Utah,0.0
787,U.S. Pacific Trust Territories and Possessions,Hawaii,6225.0
788,U.S. Pacific Trust Territories and Possessions,Illinois,0.0
789,U.S. Pacific Trust Territories and Possessions,Indiana,0.0
790,U.S. Pacific Trust Territories and Possessions,Idaho,0.0
791,U.S. Pacific Trust Territories and Possessions,West Virginia,0.0
792,U.S. Pacific Trust Territories and Possessions,Tennessee,0.0
793,U.S. Pacific Trust Territories and Possessions,Arizona,0.0
794,U.S. Pacific Trust Territories and Possessions,Massachusetts,0.0
795,Michigan,Montana,0.0
796,Michigan,Florida,172359.0
797,Michigan,Washington,23117.0
798,Michigan,Arkansas,0.0
799,Michigan,South Dakota,0.0
800,Michigan,Mississippi,441.0
801,Michigan,Kansas,0.0
802,Michigan,Virginia,46147.0
803,Michigan,Georgia,79562.0
804,Michigan,Kentucky,18306.0
805,Michigan,Rhode Island,5505.0
806,Michigan,Oklahoma,0.0
807,Michigan,Louisiana,6059.0
808,Michigan,Minnesota,44681.0
809,Michigan,U.S. Pacific Trust Territories and Possessions,0.0
810,Michigan,Michigan,74506.0
811,Michigan,Pennsylvania,39020.0
812,Michigan,Nebraska,5687.0
813,Michigan,Wyoming,0.0
814,Michigan,Oregon,2644.0
815,Michigan,Iowa,7446.0
816,Michigan,South Carolina,11283.0
817,Michigan,Vermont,4069.0
818,Michigan,Maryland,21955.0
819,Michigan,Connecticut,7548.0
820,Michigan,North Carolina,53012.0
821,Michigan,New Mexico,0.0
822,Michigan,U.S. Virgin Islands,0.0
823,Michigan,Texas,95454.0
824,Michigan,New Jersey,17787.0
825,Michigan,New Hampshire,0.0
826,Michigan,Alaska,0.0
827,Michigan,North Dakota,0.0
828,Michigan,Maine,4188.0
829,Michigan,Colorado,47102.0
830,Michigan,California,70916.0
831,Michigan,Missouri,18630.0
832,Michigan,Nevada,52658.0
833,Michigan,Delaware,0.0
834,Michigan,Wisconsin,32565.0
835,Michigan,New York,83984.0
836,Michigan,Puerto Rico,0.0
837,Michigan,Ohio,18257.0
838,Michigan,Alabama,2987.0
839,Michigan,Utah,21313.0
840,Michigan,Hawaii,0.0
841,Michigan,Illinois,116202.0
842,Michigan,Indiana,16904.0
843,Michigan,Idaho,0.0
844,Michigan,West Virginia,200.0
845,Michigan,Tennessee,35171.0
846,Michigan,Arizona,31558.0
847,Michigan,Massachusetts,28602.0
848,Pennsylvania,Montana,0.0
849,Pennsylvania,Florida,303445.0
850,Pennsylvania,Washington,15018.0
851,Pennsylvania,Arkansas,0.0
852,Pennsylvania,South Dakota,0.0
853,Pennsylvania,Mississippi,343.0
854,Pennsylvania,Kansas,0.0
855,Pennsylvania,Virginia,55022.0
856,Pennsylvania,Georgia,115465.0
857,Pennsylvania,Kentucky,12687.0
858,Pennsylvania,Rhode Island,7671.0
859,Pennsylvania,Oklahoma,215.0
860,Pennsylvania,Louisiana,6336.0
861,Pennsylvania,Minnesota,22767.0
862,Pennsylvania,U.S. Pacific Trust Territories and Possessions,0.0
863,Pennsylvania,Michigan,39101.0
864,Pennsylvania,Pennsylvania,40336.0
865,Pennsylvania,Nebraska,0.0
866,Pennsylvania,Wyoming,0.0
867,Pennsylvania,Oregon,0.0
868,Pennsylvania,Iowa,206.0
869,Pennsylvania,South Carolina,35711.0
870,Pennsylvania,Vermont,6577.0
871,Pennsylvania,Maryland,12138.0
872,Pennsylvania,Connecticut,8746.0
873,Pennsylvania,North Carolina,117446.0
874,Pennsylvania,New Mexico,805.0
875,Pennsylvania,U.S. Virgin Islands,478.0
876,Pennsylvania,Texas,95291.0
877,Pennsylvania,New Jersey,8788.0
878,Pennsylvania,New Hampshire,5746.0
879,Pennsylvania,Alaska,0.0
880,Pennsylvania,North Dakota,0.0
881,Pennsylvania,Maine,12315.0
882,Pennsylvania,Colorado,49723.0
883,Pennsylvania,California,55623.0
884,Pennsylvania,Missouri,19877.0
885,Pennsylvania,Nevada,33819.0
886,Pennsylvania,Delaware,0.0
887,Pennsylvania,Wisconsin,6397.0
888,Pennsylvania,New York,42552.0
889,Pennsylvania,Puerto Rico,24595.0
890,Pennsylvania,Ohio,17196.0
891,Pennsylvania,Alabama,3724.0
892,Pennsylvania,Utah,6984.0
893,Pennsylvania,Hawaii,0.0
894,Pennsylvania,Illinois,116976.0
895,Pennsylvania,Indiana,10759.0
896,Pennsylvania,Idaho,0.0
897,Pennsylvania,West Virginia,956.0
898,Pennsylvania,Tennessee,36368.0
899,Pennsylvania,Arizona,33922.0
900,Pennsylvania,Massachusetts,41931.0
901,Nebraska,Montana,0.0
902,Nebraska,Florida,4731.0
903,Nebraska,Washington,4450.0
904,Nebraska,Arkansas,0.0
905,Nebraska,South Dakota,33.0
906,Nebraska,Mississippi,0.0
907,Nebraska,Kansas,118.0
908,Nebraska,Virginia,3105.0
909,Nebraska,Georgia,20031.0
910,Nebraska,Kentucky,0.0
911,Nebraska,Rhode Island,0.0
912,Nebraska,Oklahoma,0.0
913,Nebraska,Louisiana,0.0
914,Nebraska,Minnesota,11599.0
915,Nebraska,U.S. Pacific Trust Territories and Possessions,0.0
916,Nebraska,Michigan,5141.0
917,Nebraska,Pennsylvania,0.0
918,Nebraska,Nebraska,0.0
919,Nebraska,Wyoming,0.0
920,Nebraska,Oregon,0.0
921,Nebraska,Iowa,30.0
922,Nebraska,South Carolina,0.0
923,Nebraska,Vermont,0.0
924,Nebraska,Maryland,6.0
925,Nebraska,Connecticut,0.0
926,Nebraska,North Carolina,8685.0
927,Nebraska,New Mexico,105.0
928,Nebraska,U.S. Virgin Islands,0.0
929,Nebraska,Texas,28941.0
930,Nebraska,New Jersey,0.0
931,Nebraska,New Hampshire,0.0
932,Nebraska,Alaska,0.0
933,Nebraska,North Dakota,0.0
934,Nebraska,Maine,0.0
935,Nebraska,Colorado,35736.0
936,Nebraska,California,2589.0
937,Nebraska,Missouri,5045.0
938,Nebraska,Nevada,13283.0
939,Nebraska,Delaware,0.0
940,Nebraska,Wisconsin,106.0
941,Nebraska,New York,1277.0
942,Nebraska,Puerto Rico,0.0
943,Nebraska,Ohio,0.0
944,Nebraska,Alabama,0.0
945,Nebraska,Utah,5959.0
946,Nebraska,Hawaii,0.0
947,Nebraska,Illinois,36026.0
948,Nebraska,Indiana,179.0
949,Nebraska,Idaho,0.0
950,Nebraska,West Virginia,0.0
951,Nebraska,Tennessee,579.0
952,Nebraska,Arizona,20016.0
953,Nebraska,Massachusetts,0.0
954,Wyoming,Montana,0.0
955,Wyoming,Florida,0.0
956,Wyoming,Washington,409.0
957,Wyoming,Arkansas,0.0
958,Wyoming,South Dakota,0.0
959,Wyoming,Mississippi,0.0
960,Wyoming,Kansas,0.0
961,Wyoming,Virginia,0.0
962,Wyoming,Georgia,145.0
963,Wyoming,Kentucky,0.0
964,Wyoming,Rhode Island,0.0
965,Wyoming,Oklahoma,0.0
966,Wyoming,Louisiana,0.0
967,Wyoming,Minnesota,106.0
968,Wyoming,U.S. Pacific Trust Territories and Possessions,0.0
969,Wyoming,Michigan,0.0
970,Wyoming,Pennsylvania,0.0
971,Wyoming,Nebraska,0.0
972,Wyoming,Wyoming,0.0
973,Wyoming,Oregon,0.0
974,Wyoming,Iowa,0.0
975,Wyoming,South Carolina,0.0
976,Wyoming,Vermont,0.0
977,Wyoming,Maryland,0.0
978,Wyoming,Connecticut,0.0
979,Wyoming,North Carolina,736.0
980,Wyoming,New Mexico,138.0
981,Wyoming,U.S. Virgin Islands,0.0
982,Wyoming,Texas,4580.0
983,Wyoming,New Jersey,84.0
984,Wyoming,New Hampshire,0.0
985,Wyoming,Alaska,0.0
986,Wyoming,North Dakota,0.0
987,Wyoming,Maine,12.0
988,Wyoming,Colorado,28605.0
989,Wyoming,California,324.0
990,Wyoming,Missouri,0.0
991,Wyoming,Nevada,0.0
992,Wyoming,Delaware,0.0
993,Wyoming,Wisconsin,0.0
994,Wyoming,New York,389.0
995,Wyoming,Puerto Rico,0.0
996,Wyoming,Ohio,0.0
997,Wyoming,Alabama,0.0
998,Wyoming,Utah,12468.0
999,Wyoming,Hawaii,0.0
1000,Wyoming,Illinois,1473.0
1001,Wyoming,Indiana,0.0
1002,Wyoming,Idaho,149.0
1003,Wyoming,West Virginia,0.0
1004,Wyoming,Tennessee,0.0
1005,Wyoming,Arizona,237.0
1006,Wyoming,Massachusetts,0.0
1007,Oregon,Montana,1093.0
1008,Oregon,Florida,5221.0
1009,Oregon,Washington,100033.0
1010,Oregon,Arkansas,0.0
1011,Oregon,South Dakota,0.0
1012,Oregon,Mississippi,0.0
1013,Oregon,Kansas,0.0
1014,Oregon,Virginia,5405.0
1015,Oregon,Georgia,16529.0
1016,Oregon,Kentucky,0.0
1017,Oregon,Rhode Island,0.0
1018,Oregon,Oklahoma,0.0
1019,Oregon,Louisiana,0.0
1020,Oregon,Minnesota,18980.0
1021,Oregon,U.S. Pacific Trust Territories and Possessions,0.0
1022,Oregon,Michigan,2286.0
1023,Oregon,Pennsylvania,0.0
1024,Oregon,Nebraska,0.0
1025,Oregon,Wyoming,0.0
1026,Oregon,Oregon,6779.0
1027,Oregon,Iowa,0.0
1028,Oregon,South Carolina,0.0
1029,Oregon,Vermont,0.0
1030,Oregon,Maryland,0.0
1031,Oregon,Connecticut,0.0
1032,Oregon,North Carolina,5308.0
1033,Oregon,New Mexico,2239.0
1034,Oregon,U.S. Virgin Islands,0.0
1035,Oregon,Texas,43490.0
1036,Oregon,New Jersey,7927.0
1037,Oregon,New Hampshire,0.0
1038,Oregon,Alaska,4425.0
1039,Oregon,North Dakota,0.0
1040,Oregon,Maine,0.0
1041,Oregon,Colorado,65745.0
1042,Oregon,California,217703.0
1043,Oregon,Missouri,6316.0
1044,Oregon,Nevada,49308.0
1045,Oregon,Delaware,0.0
1046,Oregon,Wisconsin,0.0
1047,Oregon,New York,7041.0
1048,Oregon,Puerto Rico,0.0
1049,Oregon,Ohio,0.0
1050,Oregon,Alabama,0.0
1051,Oregon,Utah,39370.0
1052,Oregon,Hawaii,18405.0
1053,Oregon,Illinois,37145.0
1054,Oregon,Indiana,0.0
1055,Oregon,Idaho,6227.0
1056,Oregon,West Virginia,0.0
1057,Oregon,Tennessee,0.0
1058,Oregon,Arizona,50541.0
1059,Oregon,Massachusetts,5960.0
1060,Iowa,Montana,0.0
1061,Iowa,Florida,10138.0
1062,Iowa,Washington,0.0
1063,Iowa,Arkansas,0.0
1064,Iowa,South Dakota,53.0
1065,Iowa,Mississippi,0.0
1066,Iowa,Kansas,167.0
1067,Iowa,Virginia,2268.0
1068,Iowa,Georgia,11874.0
1069,Iowa,Kentucky,0.0
1070,Iowa,Rhode Island,0.0
1071,Iowa,Oklahoma,273.0
1072,Iowa,Louisiana,0.0
1073,Iowa,Minnesota,8882.0
1074,Iowa,U.S. Pacific Trust Territories and Possessions,0.0
1075,Iowa,Michigan,7114.0
1076,Iowa,Pennsylvania,218.0
1077,Iowa,Nebraska,30.0
1078,Iowa,Wyoming,0.0
1079,Iowa,Oregon,0.0
1080,Iowa,Iowa,0.0
1081,Iowa,South Carolina,0.0
1082,Iowa,Vermont,0.0
1083,Iowa,Maryland,0.0
1084,Iowa,Connecticut,0.0
1085,Iowa,North Carolina,12040.0
1086,Iowa,New Mexico,0.0
1087,Iowa,U.S. Virgin Islands,0.0
1088,Iowa,Texas,22200.0
1089,Iowa,New Jersey,0.0
1090,Iowa,New Hampshire,3.0
1091,Iowa,Alaska,0.0
1092,Iowa,North Dakota,114.0
1093,Iowa,Maine,0.0
1094,Iowa,Colorado,30532.0
1095,Iowa,California,0.0
1096,Iowa,Missouri,3687.0
1097,Iowa,Nevada,7638.0
1098,Iowa,Delaware,0.0
1099,Iowa,Wisconsin,0.0
1100,Iowa,New York,773.0
1101,Iowa,Puerto Rico,0.0
1102,Iowa,Ohio,227.0
1103,Iowa,Alabama,0.0
1104,Iowa,Utah,2051.0
1105,Iowa,Hawaii,0.0
1106,Iowa,Illinois,33149.0
1107,Iowa,Indiana,265.0
1108,Iowa,Idaho,0.0
1109,Iowa,West Virginia,164.0
1110,Iowa,Tennessee,2362.0
1111,Iowa,Arizona,13557.0
1112,Iowa,Massachusetts,0.0
1113,South Carolina,Montana,0.0
1114,South Carolina,Florida,22640.0
1115,South Carolina,Washington,3604.0
1116,South Carolina,Arkansas,0.0
1117,South Carolina,South Dakota,0.0
1118,South Carolina,Mississippi,229.0
1119,South Carolina,Kansas,0.0
1120,South Carolina,Virginia,34077.0
1121,South Carolina,Georgia,108000.0
1122,South Carolina,Kentucky,2117.0
1123,South Carolina,Rhode Island,0.0
1124,South Carolina,Oklahoma,0.0
1125,South Carolina,Louisiana,149.0
1126,South Carolina,Minnesota,902.0
1127,South Carolina,U.S. Pacific Trust Territories and Possessions,0.0
1128,South Carolina,Michigan,11746.0
1129,South Carolina,Pennsylvania,36455.0
1130,South Carolina,Nebraska,0.0
1131,South Carolina,Wyoming,0.0
1132,South Carolina,Oregon,0.0
1133,South Carolina,Iowa,0.0
1134,South Carolina,South Carolina,245.0
1135,South Carolina,Vermont,0.0
1136,South Carolina,Maryland,28744.0
1137,South Carolina,Connecticut,5475.0
1138,South Carolina,North Carolina,83059.0
1139,South Carolina,New Mexico,0.0
1140,South Carolina,U.S. Virgin Islands,0.0
1141,South Carolina,Texas,44402.0
1142,South Carolina,New Jersey,28476.0
1143,South Carolina,New Hampshire,2.0
1144,South Carolina,Alaska,0.0
1145,South Carolina,North Dakota,0.0
1146,South Carolina,Maine,0.0
1147,South Carolina,Colorado,9598.0
1148,South Carolina,California,2049.0
1149,South Carolina,Missouri,1685.0
1150,South Carolina,Nevada,148.0
1151,South Carolina,Delaware,0.0
1152,South Carolina,Wisconsin,171.0
1153,South Carolina,New York,33713.0
1154,South Carolina,Puerto Rico,0.0
1155,South Carolina,Ohio,8144.0
1156,South Carolina,Alabama,257.0
1157,South Carolina,Utah,0.0
1158,South Carolina,Hawaii,0.0
1159,South Carolina,Illinois,35965.0
1160,South Carolina,Indiana,1021.0
1161,South Carolina,Idaho,0.0
1162,South Carolina,West Virginia,0.0
1163,South Carolina,Tennessee,12760.0
1164,South Carolina,Arizona,0.0
1165,South Carolina,Massachusetts,15112.0
1166,Vermont,Montana,0.0
1167,Vermont,Florida,0.0
1168,Vermont,Washington,0.0
1169,Vermont,Arkansas,0.0
1170,Vermont,South Dakota,0.0
1171,Vermont,Mississippi,0.0
1172,Vermont,Kansas,0.0
1173,Vermont,Virginia,8888.0
1174,Vermont,Georgia,2283.0
1175,Vermont,Kentucky,0.0
1176,Vermont,Rhode Island,0.0
1177,Vermont,Oklahoma,0.0
1178,Vermont,Louisiana,0.0
1179,Vermont,Minnesota,0.0
1180,Vermont,U.S. Pacific Trust Territories and Possessions,0.0
1181,Vermont,Michigan,4412.0
1182,Vermont,Pennsylvania,7142.0
1183,Vermont,Nebraska,0.0
1184,Vermont,Wyoming,0.0
1185,Vermont,Oregon,0.0
1186,Vermont,Iowa,0.0
1187,Vermont,South Carolina,0.0
1188,Vermont,Vermont,0.0
1189,Vermont,Maryland,0.0
1190,Vermont,Connecticut,0.0
1191,Vermont,North Carolina,6526.0
1192,Vermont,New Mexico,0.0
1193,Vermont,U.S. Virgin Islands,0.0
1194,Vermont,Texas,304.0
1195,Vermont,New Jersey,3306.0
1196,Vermont,New Hampshire,0.0
1197,Vermont,Alaska,0.0
1198,Vermont,North Dakota,0.0
1199,Vermont,Maine,0.0
1200,Vermont,Colorado,1863.0
1201,Vermont,California,0.0
1202,Vermont,Missouri,0.0
1203,Vermont,Nevada,4.0
1204,Vermont,Delaware,0.0
1205,Vermont,Wisconsin,0.0
1206,Vermont,New York,4816.0
1207,Vermont,Puerto Rico,0.0
1208,Vermont,Ohio,0.0
1209,Vermont,Alabama,0.0
1210,Vermont,Utah,0.0
1211,Vermont,Hawaii,0.0
1212,Vermont,Illinois,10078.0
1213,Vermont,Indiana,0.0
1214,Vermont,Idaho,0.0
1215,Vermont,West Virginia,7.0
1216,Vermont,Tennessee,0.0
1217,Vermont,Arizona,0.0
1218,Vermont,Massachusetts,624.0
1219,Maryland,Montana,0.0
1220,Maryland,Florida,189256.0
1221,Maryland,Washington,4649.0
1222,Maryland,Arkansas,0.0
1223,Maryland,South Dakota,0.0
1224,Maryland,Mississippi,2434.0
1225,Maryland,Kansas,137.0
1226,Maryland,Virginia,12772.0
1227,Maryland,Georgia,73317.0
1228,Maryland,Kentucky,15572.0
1229,Maryland,Rhode Island,16026.0
1230,Maryland,Oklahoma,146.0
1231,Maryland,Louisiana,12563.0
1232,Maryland,Minnesota,14257.0
1233,Maryland,U.S. Pacific Trust Territories and Possessions,0.0
1234,Maryland,Michigan,22645.0
1235,Maryland,Pennsylvania,13069.0
1236,Maryland,Nebraska,0.0
1237,Maryland,Wyoming,0.0
1238,Maryland,Oregon,0.0
1239,Maryland,Iowa,158.0
1240,Maryland,South Carolina,27800.0
1241,Maryland,Vermont,0.0
1242,Maryland,Maryland,10.0
1243,Maryland,Connecticut,13859.0
1244,Maryland,North Carolina,56188.0
1245,Maryland,New Mexico,1901.0
1246,Maryland,U.S. Virgin Islands,0.0
1247,Maryland,Texas,80144.0
1248,Maryland,New Jersey,378.0
1249,Maryland,New Hampshire,13795.0
1250,Maryland,Alaska,0.0
1251,Maryland,North Dakota,0.0
1252,Maryland,Maine,12503.0
1253,Maryland,Colorado,30726.0
1254,Maryland,California,29984.0
1255,Maryland,Missouri,20421.0
1256,Maryland,Nevada,21812.0
1257,Maryland,Delaware,0.0
1258,Maryland,Wisconsin,6436.0
1259,Maryland,New York,51765.0
1260,Maryland,Puerto Rico,11665.0
1261,Maryland,Ohio,20689.0
1262,Maryland,Alabama,2464.0
1263,Maryland,Utah,7348.0
1264,Maryland,Hawaii,0.0
1265,Maryland,Illinois,44677.0
1266,Maryland,Indiana,10821.0
1267,Maryland,Idaho,0.0
1268,Maryland,West Virginia,0.0
1269,Maryland,Tennessee,18066.0
1270,Maryland,Arizona,13914.0
1271,Maryland,Massachusetts,23961.0
1272,Connecticut,Montana,0.0
1273,Connecticut,Florida,66272.0
1274,Connecticut,Washington,0.0
1275,Connecticut,Arkansas,0.0
1276,Connecticut,South Dakota,0.0
1277,Connecticut,Mississippi,123.0
1278,Connecticut,Kansas,0.0
1279,Connecticut,Virginia,20218.0
1280,Connecticut,Georgia,24876.0
1281,Connecticut,Kentucky,0.0
1282,Connecticut,Rhode Island,0.0
1283,Connecticut,Oklahoma,163.0
1284,Connecticut,Louisiana,0.0
1285,Connecticut,Minnesota,10972.0
1286,Connecticut,U.S. Pacific Trust Territories and Possessions,0.0
1287,Connecticut,Michigan,9214.0
1288,Connecticut,Pennsylvania,8355.0
1289,Connecticut,Nebraska,0.0
1290,Connecticut,Wyoming,0.0
1291,Connecticut,Oregon,0.0
1292,Connecticut,Iowa,0.0
1293,Connecticut,South Carolina,5145.0
1294,Connecticut,Vermont,0.0
1295,Connecticut,Maryland,14825.0
1296,Connecticut,Connecticut,0.0
1297,Connecticut,North Carolina,22086.0
1298,Connecticut,New Mexico,0.0
1299,Connecticut,U.S. Virgin Islands,0.0
1300,Connecticut,Texas,8751.0
1301,Connecticut,New Jersey,180.0
1302,Connecticut,New Hampshire,0.0
1303,Connecticut,Alaska,0.0
1304,Connecticut,North Dakota,0.0
1305,Connecticut,Maine,0.0
1306,Connecticut,Colorado,9604.0
1307,Connecticut,California,5216.0
1308,Connecticut,Missouri,0.0
1309,Connecticut,Nevada,3240.0
1310,Connecticut,Delaware,0.0
1311,Connecticut,Wisconsin,0.0
1312,Connecticut,New York,435.0
1313,Connecticut,Puerto Rico,4711.0
1314,Connecticut,Ohio,172.0
1315,Connecticut,Alabama,0.0
1316,Connecticut,Utah,0.0
1317,Connecticut,Hawaii,0.0
1318,Connecticut,Illinois,28239.0
1319,Connecticut,Indiana,25.0
1320,Connecticut,Idaho,0.0
1321,Connecticut,West Virginia,0.0
1322,Connecticut,Tennessee,4090.0
1323,Connecticut,Arizona,0.0
1324,Connecticut,Massachusetts,0.0
1325,North Carolina,Montana,1218.0
1326,North Carolina,Florida,423150.0
1327,North Carolina,Washington,20494.0
1328,North Carolina,Arkansas,18240.0
1329,North Carolina,South Dakota,4020.0
1330,North Carolina,Mississippi,11725.0
1331,North Carolina,Kansas,121.0
1332,North Carolina,Virginia,157479.0
1333,North Carolina,Georgia,176314.0
1334,North Carolina,Kentucky,36849.0
1335,North Carolina,Rhode Island,13215.0
1336,North Carolina,Oklahoma,16704.0
1337,North Carolina,Louisiana,30921.0
1338,North Carolina,Minnesota,36296.0
1339,North Carolina,U.S. Pacific Trust Territories and Possessions,0.0
1340,North Carolina,Michigan,53814.0
1341,North Carolina,Pennsylvania,116002.0
1342,North Carolina,Nebraska,9041.0
1343,North Carolina,Wyoming,550.0
1344,North Carolina,Oregon,5036.0
1345,North Carolina,Iowa,11613.0
1346,North Carolina,South Carolina,80396.0
1347,North Carolina,Vermont,6060.0
1348,North Carolina,Maryland,54304.0
1349,North Carolina,Connecticut,20956.0
1350,North Carolina,North Carolina,228066.0
1351,North Carolina,New Mexico,0.0
1352,North Carolina,U.S. Virgin Islands,4212.0
1353,North Carolina,Texas,185073.0
1354,North Carolina,New Jersey,66022.0
1355,North Carolina,New Hampshire,7108.0
1356,North Carolina,Alaska,0.0
1357,North Carolina,North Dakota,0.0
1358,North Carolina,Maine,13512.0
1359,North Carolina,Colorado,57488.0
1360,North Carolina,California,94338.0
1361,North Carolina,Missouri,44485.0
1362,North Carolina,Nevada,56319.0
1363,North Carolina,Delaware,0.0
1364,North Carolina,Wisconsin,18317.0
1365,North Carolina,New York,151187.0
1366,North Carolina,Puerto Rico,11030.0
1367,North Carolina,Ohio,52176.0
1368,North Carolina,Alabama,29137.0
1369,North Carolina,Utah,18077.0
1370,North Carolina,Hawaii,5360.0
1371,North Carolina,Illinois,96332.0
1372,North Carolina,Indiana,30088.0
1373,North Carolina,Idaho,0.0
1374,North Carolina,West Virginia,8523.0
1375,North Carolina,Tennessee,85155.0
1376,North Carolina,Arizona,44294.0
1377,North Carolina,Massachusetts,64601.0
1378,New Mexico,Montana,0.0
1379,New Mexico,Florida,0.0
1380,New Mexico,Washington,5082.0
1381,New Mexico,Arkansas,0.0
1382,New Mexico,South Dakota,0.0
1383,New Mexico,Mississippi,0.0
1384,New Mexico,Kansas,0.0
1385,New Mexico,Virginia,0.0
1386,New Mexico,Georgia,14365.0
1387,New Mexico,Kentucky,0.0
1388,New Mexico,Rhode Island,0.0
1389,New Mexico,Oklahoma,0.0
1390,New Mexico,Louisiana,1.0
1391,New Mexico,Minnesota,128.0
1392,New Mexico,U.S. Pacific Trust Territories and Possessions,0.0
1393,New Mexico,Michigan,0.0
1394,New Mexico,Pennsylvania,0.0
1395,New Mexico,Nebraska,0.0
1396,New Mexico,Wyoming,138.0
1397,New Mexico,Oregon,2151.0
1398,New Mexico,Iowa,0.0
1399,New Mexico,South Carolina,0.0
1400,New Mexico,Vermont,0.0
1401,New Mexico,Maryland,2001.0
1402,New Mexico,Connecticut,6.0
1403,New Mexico,North Carolina,0.0
1404,New Mexico,New Mexico,1070.0
1405,New Mexico,U.S. Virgin Islands,0.0
1406,New Mexico,Texas,81988.0
1407,New Mexico,New Jersey,0.0
1408,New Mexico,New Hampshire,0.0
1409,New Mexico,Alaska,0.0
1410,New Mexico,North Dakota,0.0
1411,New Mexico,Maine,0.0
1412,New Mexico,Colorado,27709.0
1413,New Mexico,California,21653.0
1414,New Mexico,Missouri,76.0
1415,New Mexico,Nevada,13414.0
1416,New Mexico,Delaware,0.0
1417,New Mexico,Wisconsin,0.0
1418,New Mexico,New York,3579.0
1419,New Mexico,Puerto Rico,0.0
1420,New Mexico,Ohio,0.0
1421,New Mexico,Alabama,0.0
1422,New Mexico,Utah,6000.0
1423,New Mexico,Hawaii,0.0
1424,New Mexico,Illinois,15837.0
1425,New Mexico,Indiana,0.0
1426,New Mexico,Idaho,0.0
1427,New Mexico,West Virginia,0.0
1428,New Mexico,Tennessee,0.0
1429,New Mexico,Arizona,34213.0
1430,New Mexico,Massachusetts,0.0
1431,U.S. Virgin Islands,Montana,0.0
1432,U.S. Virgin Islands,Florida,27932.0
1433,U.S. Virgin Islands,Washington,0.0
1434,U.S. Virgin Islands,Arkansas,0.0
1435,U.S. Virgin Islands,South Dakota,0.0
1436,U.S. Virgin Islands,Mississippi,0.0
1437,U.S. Virgin Islands,Kansas,0.0
1438,U.S. Virgin Islands,Virginia,1417.0
1439,U.S. Virgin Islands,Georgia,9104.0
1440,U.S. Virgin Islands,Kentucky,0.0
1441,U.S. Virgin Islands,Rhode Island,0.0
1442,U.S. Virgin Islands,Oklahoma,0.0
1443,U.S. Virgin Islands,Louisiana,0.0
1444,U.S. Virgin Islands,Minnesota,0.0
1445,U.S. Virgin Islands,U.S. Pacific Trust Territories and Possessions,0.0
1446,U.S. Virgin Islands,Michigan,0.0
1447,U.S. Virgin Islands,Pennsylvania,454.0
1448,U.S. Virgin Islands,Nebraska,0.0
1449,U.S. Virgin Islands,Wyoming,0.0
1450,U.S. Virgin Islands,Oregon,0.0
1451,U.S. Virgin Islands,Iowa,0.0
1452,U.S. Virgin Islands,South Carolina,0.0
1453,U.S. Virgin Islands,Vermont,0.0
1454,U.S. Virgin Islands,Maryland,0.0
1455,U.S. Virgin Islands,Connecticut,0.0
1456,U.S. Virgin Islands,North Carolina,4142.0
1457,U.S. Virgin Islands,New Mexico,0.0
1458,U.S. Virgin Islands,U.S. Virgin Islands,4105.0
1459,U.S. Virgin Islands,Texas,927.0
1460,U.S. Virgin Islands,New Jersey,2519.0
1461,U.S. Virgin Islands,New Hampshire,0.0
1462,U.S. Virgin Islands,Alaska,0.0
1463,U.S. Virgin Islands,North Dakota,0.0
1464,U.S. Virgin Islands,Maine,0.0
1465,U.S. Virgin Islands,Colorado,0.0
1466,U.S. Virgin Islands,California,0.0
1467,U.S. Virgin Islands,Missouri,0.0
1468,U.S. Virgin Islands,Nevada,0.0
1469,U.S. Virgin Islands,Delaware,0.0
1470,U.S. Virgin Islands,Wisconsin,0.0
1471,U.S. Virgin Islands,New York,1403.0
1472,U.S. Virgin Islands,Puerto Rico,6606.0
1473,U.S. Virgin Islands,Ohio,0.0
1474,U.S. Virgin Islands,Alabama,0.0
1475,U.S. Virgin Islands,Utah,0.0
1476,U.S. Virgin Islands,Hawaii,0.0
1477,U.S. Virgin Islands,Illinois,345.0
1478,U.S. Virgin Islands,Indiana,0.0
1479,U.S. Virgin Islands,Idaho,0.0
1480,U.S. Virgin Islands,West Virginia,0.0
1481,U.S. Virgin Islands,Tennessee,0.0
1482,U.S. Virgin Islands,Arizona,0.0
1483,U.S. Virgin Islands,Massachusetts,328.0
1484,Texas,Montana,12548.0
1485,Texas,Florida,639012.0
1486,Texas,Washington,96190.0
1487,Texas,Arkansas,63780.0
1488,Texas,South Dakota,10456.0
1489,Texas,Mississippi,34041.0
1490,Texas,Kansas,26498.0
1491,Texas,Virginia,142875.0
1492,Texas,Georgia,301866.0
1493,Texas,Kentucky,55296.0
1494,Texas,Rhode Island,319.0
1495,Texas,Oklahoma,111217.0
1496,Texas,Louisiana,170241.0
1497,Texas,Minnesota,81859.0
1498,Texas,U.S. Pacific Trust Territories and Possessions,0.0
1499,Texas,Michigan,92942.0
1500,Texas,Pennsylvania,94420.0
1501,Texas,Nebraska,29316.0
1502,Texas,Wyoming,3135.0
1503,Texas,Oregon,43466.0
1504,Texas,Iowa,21895.0
1505,Texas,South Carolina,44625.0
1506,Texas,Vermont,326.0
1507,Texas,Maryland,81162.0
1508,Texas,Connecticut,8925.0
1509,Texas,North Carolina,181241.0
1510,Texas,New Mexico,79760.0
1511,Texas,U.S. Virgin Islands,1119.0
1512,Texas,Texas,1315710.0
1513,Texas,New Jersey,104104.0
1514,Texas,New Hampshire,0.0
1515,Texas,Alaska,3065.0
1516,Texas,North Dakota,6993.0
1517,Texas,Maine,5792.0
1518,Texas,Colorado,332555.0
1519,Texas,California,737612.0
1520,Texas,Missouri,155157.0
1521,Texas,Nevada,277825.0
1522,Texas,Delaware,0.0
1523,Texas,Wisconsin,27085.0
1524,Texas,New York,156715.0
1525,Texas,Puerto Rico,17119.0
1526,Texas,Ohio,56034.0
1527,Texas,Alabama,59534.0
1528,Texas,Utah,95244.0
1529,Texas,Hawaii,31001.0
1530,Texas,Illinois,284319.0
1531,Texas,Indiana,57069.0
1532,Texas,Idaho,15208.0
1533,Texas,West Virginia,642.0
1534,Texas,Tennessee,184178.0
1535,Texas,Arizona,266238.0
1536,Texas,Massachusetts,77797.0
1537,New Jersey,Montana,10.0
1538,New Jersey,Florida,377584.0
1539,New Jersey,Washington,23108.0
1540,New Jersey,Arkansas,57.0
1541,New Jersey,South Dakota,2.0
1542,New Jersey,Mississippi,105.0
1543,New Jersey,Kansas,0.0
1544,New Jersey,Virginia,34639.0
1545,New Jersey,Georgia,82768.0
1546,New Jersey,Kentucky,10368.0
1547,New Jersey,Rhode Island,4551.0
1548,New Jersey,Oklahoma,0.0
1549,New Jersey,Louisiana,12250.0
1550,New Jersey,Minnesota,16015.0
1551,New Jersey,U.S. Pacific Trust Territories and Possessions,0.0
1552,New Jersey,Michigan,19067.0
1553,New Jersey,Pennsylvania,7421.0
1554,New Jersey,Nebraska,0.0
1555,New Jersey,Wyoming,31.0
1556,New Jersey,Oregon,7697.0
1557,New Jersey,Iowa,0.0
1558,New Jersey,South Carolina,28521.0
1559,New Jersey,Vermont,3127.0
1560,New Jersey,Maryland,0.0
1561,New Jersey,Connecticut,7.0
1562,New Jersey,North Carolina,65809.0
1563,New Jersey,New Mexico,0.0
1564,New Jersey,U.S. Virgin Islands,3440.0
1565,New Jersey,Texas,105063.0
1566,New Jersey,New Jersey,161.0
1567,New Jersey,New Hampshire,1230.0
1568,New Jersey,Alaska,0.0
1569,New Jersey,North Dakota,0.0
1570,New Jersey,Maine,7001.0
1571,New Jersey,Colorado,35577.0
1572,New Jersey,California,154478.0
1573,New Jersey,Missouri,7414.0
1574,New Jersey,Nevada,35688.0
1575,New Jersey,Delaware,0.0
1576,New Jersey,Wisconsin,5203.0
1577,New Jersey,New York,14466.0
1578,New Jersey,Puerto Rico,32077.0
1579,New Jersey,Ohio,22290.0
1580,New Jersey,Alabama,0.0
1581,New Jersey,Utah,8025.0
1582,New Jersey,Hawaii,4971.0
1583,New Jersey,Illinois,54502.0
1584,New Jersey,Indiana,8214.0
1585,New Jersey,Idaho,0.0
1586,New Jersey,West Virginia,36.0
1587,New Jersey,Tennessee,23887.0
1588,New Jersey,Arizona,26935.0
1589,New Jersey,Massachusetts,33126.0
1590,New Hampshire,Montana,0.0
1591,New Hampshire,Florida,12989.0
1592,New Hampshire,Washington,0.0
1593,New Hampshire,Arkansas,0.0
1594,New Hampshire,South Dakota,0.0
1595,New Hampshire,Mississippi,0.0
1596,New Hampshire,Kansas,0.0
1597,New Hampshire,Virginia,6690.0
1598,New Hampshire,Georgia,0.0
1599,New Hampshire,Kentucky,0.0
1600,New Hampshire,Rhode Island,2.0
1601,New Hampshire,Oklahoma,0.0
1602,New Hampshire,Louisiana,0.0
1603,New Hampshire,Minnesota,0.0
1604,New Hampshire,U.S. Pacific Trust Territories and Possessions,0.0
1605,New Hampshire,Michigan,0.0
1606,New Hampshire,Pennsylvania,6120.0
1607,New Hampshire,Nebraska,0.0
1608,New Hampshire,Wyoming,12.0
1609,New Hampshire,Oregon,0.0
1610,New Hampshire,Iowa,0.0
1611,New Hampshire,South Carolina,1.0
1612,New Hampshire,Vermont,0.0
1613,New Hampshire,Maryland,15435.0
1614,New Hampshire,Connecticut,0.0
1615,New Hampshire,North Carolina,7442.0
1616,New Hampshire,New Mexico,0.0
1617,New Hampshire,U.S. Virgin Islands,0.0
1618,New Hampshire,Texas,1.0
1619,New Hampshire,New Jersey,1301.0
1620,New Hampshire,New Hampshire,0.0
1621,New Hampshire,Alaska,0.0
1622,New Hampshire,North Dakota,0.0
1623,New Hampshire,Maine,57.0
1624,New Hampshire,Colorado,2.0
1625,New Hampshire,California,3.0
1626,New Hampshire,Missouri,0.0
1627,New Hampshire,Nevada,0.0
1628,New Hampshire,Delaware,0.0
1629,New Hampshire,Wisconsin,0.0
1630,New Hampshire,New York,492.0
1631,New Hampshire,Puerto Rico,0.0
1632,New Hampshire,Ohio,0.0
1633,New Hampshire,Alabama,0.0
1634,New Hampshire,Utah,0.0
1635,New Hampshire,Hawaii,0.0
1636,New Hampshire,Illinois,10828.0
1637,New Hampshire,Indiana,0.0
1638,New Hampshire,Idaho,0.0
1639,New Hampshire,West Virginia,0.0
1640,New Hampshire,Tennessee,0.0
1641,New Hampshire,Arizona,0.0
1642,New Hampshire,Massachusetts,625.0
1643,Alaska,Montana,0.0
1644,Alaska,Florida,0.0
1645,Alaska,Washington,107714.0
1646,Alaska,Arkansas,0.0
1647,Alaska,South Dakota,0.0
1648,Alaska,Mississippi,0.0
1649,Alaska,Kansas,0.0
1650,Alaska,Virginia,0.0
1651,Alaska,Georgia,2631.0
1652,Alaska,Kentucky,0.0
1653,Alaska,Rhode Island,0.0
1654,Alaska,Oklahoma,0.0
1655,Alaska,Louisiana,0.0
1656,Alaska,Minnesota,5474.0
1657,Alaska,U.S. Pacific Trust Territories and Possessions,0.0
1658,Alaska,Michigan,0.0
1659,Alaska,Pennsylvania,0.0
1660,Alaska,Nebraska,0.0
1661,Alaska,Wyoming,0.0
1662,Alaska,Oregon,7541.0
1663,Alaska,Iowa,0.0
1664,Alaska,South Carolina,0.0
1665,Alaska,Vermont,0.0
1666,Alaska,Maryland,0.0
1667,Alaska,Connecticut,0.0
1668,Alaska,North Carolina,0.0
1669,Alaska,New Mexico,0.0
1670,Alaska,U.S. Virgin Islands,0.0
1671,Alaska,Texas,4265.0
1672,Alaska,New Jersey,0.0
1673,Alaska,New Hampshire,0.0
1674,Alaska,Alaska,187067.0
1675,Alaska,North Dakota,0.0
1676,Alaska,Maine,0.0
1677,Alaska,Colorado,3682.0
1678,Alaska,California,2649.0
1679,Alaska,Missouri,0.0
1680,Alaska,Nevada,0.0
1681,Alaska,Delaware,0.0
1682,Alaska,Wisconsin,0.0
1683,Alaska,New York,0.0
1684,Alaska,Puerto Rico,0.0
1685,Alaska,Ohio,0.0
1686,Alaska,Alabama,0.0
1687,Alaska,Utah,2756.0
1688,Alaska,Hawaii,4338.0
1689,Alaska,Illinois,4863.0
1690,Alaska,Indiana,0.0
1691,Alaska,Idaho,0.0
1692,Alaska,West Virginia,0.0
1693,Alaska,Tennessee,0.0
1694,Alaska,Arizona,1926.0
1695,Alaska,Massachusetts,0.0
1696,North Dakota,Montana,0.0
1697,North Dakota,Florida,679.0
1698,North Dakota,Washington,0.0
1699,North Dakota,Arkansas,0.0
1700,North Dakota,South Dakota,102.0
1701,North Dakota,Mississippi,0.0
1702,North Dakota,Kansas,0.0
1703,North Dakota,Virginia,0.0
1704,North Dakota,Georgia,0.0
1705,North Dakota,Kentucky,0.0
1706,North Dakota,Rhode Island,0.0
1707,North Dakota,Oklahoma,60.0
1708,North Dakota,Louisiana,0.0
1709,North Dakota,Minnesota,34550.0
1710,North Dakota,U.S. Pacific Trust Territories and Possessions,0.0
1711,North Dakota,Michigan,0.0
1712,North Dakota,Pennsylvania,0.0
1713,North Dakota,Nebraska,0.0
1714,North Dakota,Wyoming,0.0
1715,North Dakota,Oregon,0.0
1716,North Dakota,Iowa,115.0
1717,North Dakota,South Carolina,0.0
1718,North Dakota,Vermont,0.0
1719,North Dakota,Maryland,0.0
1720,North Dakota,Connecticut,0.0
1721,North Dakota,North Carolina,0.0
1722,North Dakota,New Mexico,0.0
1723,North Dakota,U.S. Virgin Islands,0.0
1724,North Dakota,Texas,7502.0
1725,North Dakota,New Jersey,0.0
1726,North Dakota,New Hampshire,0.0
1727,North Dakota,Alaska,0.0
1728,North Dakota,North Dakota,1333.0
1729,North Dakota,Maine,0.0
1730,North Dakota,Colorado,19726.0
1731,North Dakota,California,11.0
1732,North Dakota,Missouri,216.0
1733,North Dakota,Nevada,5209.0
1734,North Dakota,Delaware,0.0
1735,North Dakota,Wisconsin,0.0
1736,North Dakota,New York,0.0
1737,North Dakota,Puerto Rico,0.0
1738,North Dakota,Ohio,0.0
1739,North Dakota,Alabama,0.0
1740,North Dakota,Utah,0.0
1741,North Dakota,Hawaii,0.0
1742,North Dakota,Illinois,8829.0
1743,North Dakota,Indiana,125.0
1744,North Dakota,Idaho,0.0
1745,North Dakota,West Virginia,0.0
1746,North Dakota,Tennessee,3085.0
1747,North Dakota,Arizona,8620.0
1748,North Dakota,Massachusetts,0.0
1749,Maine,Montana,0.0
1750,Maine,Florida,6760.0
1751,Maine,Washington,0.0
1752,Maine,Arkansas,107.0
1753,Maine,South Dakota,0.0
1754,Maine,Mississippi,0.0
1755,Maine,Kansas,0.0
1756,Maine,Virginia,23366.0
1757,Maine,Georgia,7995.0
1758,Maine,Kentucky,4.0
1759,Maine,Rhode Island,0.0
1760,Maine,Oklahoma,123.0
1761,Maine,Louisiana,0.0
1762,Maine,Minnesota,0.0
1763,Maine,U.S. Pacific Trust Territories and Possessions,0.0
1764,Maine,Michigan,4715.0
1765,Maine,Pennsylvania,13551.0
1766,Maine,Nebraska,0.0
1767,Maine,Wyoming,0.0
1768,Maine,Oregon,0.0
1769,Maine,Iowa,0.0
1770,Maine,South Carolina,0.0
1771,Maine,Vermont,0.0
1772,Maine,Maryland,14222.0
1773,Maine,Connecticut,0.0
1774,Maine,North Carolina,14981.0
1775,Maine,New Mexico,0.0
1776,Maine,U.S. Virgin Islands,0.0
1777,Maine,Texas,5184.0
1778,Maine,New Jersey,7588.0
1779,Maine,New Hampshire,12.0
1780,Maine,Alaska,0.0
1781,Maine,North Dakota,0.0
1782,Maine,Maine,8.0
1783,Maine,Colorado,0.0
1784,Maine,California,2.0
1785,Maine,Missouri,0.0
1786,Maine,Nevada,5.0
1787,Maine,Delaware,0.0
1788,Maine,Wisconsin,0.0
1789,Maine,New York,17234.0
1790,Maine,Puerto Rico,0.0
1791,Maine,Ohio,0.0
1792,Maine,Alabama,0.0
1793,Maine,Utah,0.0
1794,Maine,Hawaii,0.0
1795,Maine,Illinois,26438.0
1796,Maine,Indiana,0.0
1797,Maine,Idaho,0.0
1798,Maine,West Virginia,0.0
1799,Maine,Tennessee,0.0
1800,Maine,Arizona,0.0
1801,Maine,Massachusetts,4368.0
1802,Colorado,Montana,57956.0
1803,Colorado,Florida,151140.0
1804,Colorado,Washington,85392.0
1805,Colorado,Arkansas,12391.0
1806,Colorado,South Dakota,22243.0
1807,Colorado,Mississippi,0.0
1808,Colorado,Kansas,14279.0
1809,Colorado,Virginia,67363.0
1810,Colorado,Georgia,71621.0
1811,Colorado,Kentucky,32569.0
1812,Colorado,Rhode Island,0.0
1813,Colorado,Oklahoma,34953.0
1814,Colorado,Louisiana,23633.0
1815,Colorado,Minnesota,65362.0
1816,Colorado,U.S. Pacific Trust Territories and Possessions,0.0
1817,Colorado,Michigan,47550.0
1818,Colorado,Pennsylvania,52013.0
1819,Colorado,Nebraska,37716.0
1820,Colorado,Wyoming,26048.0
1821,Colorado,Oregon,65754.0
1822,Colorado,Iowa,30642.0
1823,Colorado,South Carolina,9809.0
1824,Colorado,Vermont,1712.0
1825,Colorado,Maryland,30655.0
1826,Colorado,Connecticut,8614.0
1827,Colorado,North Carolina,59499.0
1828,Colorado,New Mexico,25792.0
1829,Colorado,U.S. Virgin Islands,0.0
1830,Colorado,Texas,337029.0
1831,Colorado,New Jersey,36983.0
1832,Colorado,New Hampshire,0.0
1833,Colorado,Alaska,3724.0
1834,Colorado,North Dakota,19489.0
1835,Colorado,Maine,0.0
1836,Colorado,Colorado,152582.0
1837,Colorado,California,438994.0
1838,Colorado,Missouri,83444.0
1839,Colorado,Nevada,129415.0
1840,Colorado,Delaware,0.0
1841,Colorado,Wisconsin,33900.0
1842,Colorado,New York,66203.0
1843,Colorado,Puerto Rico,0.0
1844,Colorado,Ohio,40545.0
1845,Colorado,Alabama,11419.0
1846,Colorado,Utah,79844.0
1847,Colorado,Hawaii,24470.0
1848,Colorado,Illinois,142018.0
1849,Colorado,Indiana,21592.0
1850,Colorado,Idaho,29781.0
1851,Colorado,West Virginia,0.0
1852,Colorado,Tennessee,53339.0
1853,Colorado,Arizona,148877.0
1854,Colorado,Massachusetts,40936.0
1855,California,Montana,6227.0
1856,California,Florida,177835.0
1857,California,Washington,400005.0
1858,California,Arkansas,0.0
1859,California,South Dakota,0.0
1860,California,Mississippi,4.0
1861,California,Kansas,7.0
1862,California,Virginia,99949.0
1863,California,Georgia,186808.0
1864,California,Kentucky,6438.0
1865,California,Rhode Island,93.0
1866,California,Oklahoma,7203.0
1867,California,Louisiana,13358.0
1868,California,Minnesota,101641.0
1869,California,U.S. Pacific Trust Territories and Possessions,0.0
1870,California,Michigan,70436.0
1871,California,Pennsylvania,56118.0
1872,California,Nebraska,2674.0
1873,California,Wyoming,304.0
1874,California,Oregon,212778.0
1875,California,Iowa,1.0
1876,California,South Carolina,2074.0
1877,California,Vermont,0.0
1878,California,Maryland,30360.0
1879,California,Connecticut,5306.0
1880,California,North Carolina,96692.0
1881,California,New Mexico,21595.0
1882,California,U.S. Virgin Islands,0.0
1883,California,Texas,723877.0
1884,California,New Jersey,155036.0
1885,California,New Hampshire,2.0
1886,California,Alaska,1721.0
1887,California,North Dakota,0.0
1888,California,Maine,9.0
1889,California,Colorado,422493.0
1890,California,California,1431170.0
1891,California,Missouri,59399.0
1892,California,Nevada,508014.0
1893,California,Delaware,6.0
1894,California,Wisconsin,3273.0
1895,California,New York,213284.0
1896,California,Puerto Rico,0.0
1897,California,Ohio,14892.0
1898,California,Alabama,0.0
1899,California,Utah,225169.0
1900,California,Hawaii,373298.0
1901,California,Illinois,330233.0
1902,California,Indiana,14228.0
1903,California,Idaho,42551.0
1904,California,West Virginia,0.0
1905,California,Tennessee,58379.0
1906,California,Arizona,451957.0
1907,California,Massachusetts,105340.0
1908,Missouri,Montana,0.0
1909,Missouri,Florida,119231.0
1910,Missouri,Washington,17643.0
1911,Missouri,Arkansas,3296.0
1912,Missouri,South Dakota,0.0
1913,Missouri,Mississippi,161.0
1914,Missouri,Kansas,3196.0
1915,Missouri,Virginia,24595.0
1916,Missouri,Georgia,79060.0
1917,Missouri,Kentucky,264.0
1918,Missouri,Rhode Island,0.0
1919,Missouri,Oklahoma,7549.0
1920,Missouri,Louisiana,3832.0
1921,Missouri,Minnesota,23140.0
1922,Missouri,U.S. Pacific Trust Territories and Possessions,0.0
1923,Missouri,Michigan,16009.0
1924,Missouri,Pennsylvania,19203.0
1925,Missouri,Nebraska,2150.0
1926,Missouri,Wyoming,0.0
1927,Missouri,Oregon,5987.0
1928,Missouri,Iowa,3195.0
1929,Missouri,South Carolina,1637.0
1930,Missouri,Vermont,0.0
1931,Missouri,Maryland,19639.0
1932,Missouri,Connecticut,0.0
1933,Missouri,North Carolina,44785.0
1934,Missouri,New Mexico,273.0
1935,Missouri,U.S. Virgin Islands,0.0
1936,Missouri,Texas,153898.0
1937,Missouri,New Jersey,7184.0
1938,Missouri,New Hampshire,0.0
1939,Missouri,Alaska,0.0
1940,Missouri,North Dakota,216.0
1941,Missouri,Maine,0.0
1942,Missouri,Colorado,83289.0
1943,Missouri,California,57753.0
1944,Missouri,Missouri,12767.0
1945,Missouri,Nevada,43401.0
1946,Missouri,Delaware,0.0
1947,Missouri,Wisconsin,3956.0
1948,Missouri,New York,23012.0
1949,Missouri,Puerto Rico,0.0
1950,Missouri,Ohio,4630.0
1951,Missouri,Alabama,0.0
1952,Missouri,Utah,20626.0
1953,Missouri,Hawaii,0.0
1954,Missouri,Illinois,100909.0
1955,Missouri,Indiana,33.0
1956,Missouri,Idaho,0.0
1957,Missouri,West Virginia,0.0
1958,Missouri,Tennessee,22885.0
1959,Missouri,Arizona,44637.0
1960,Missouri,Massachusetts,12062.0
1961,Nevada,Montana,9468.0
1962,Nevada,Florida,71197.0
1963,Nevada,Washington,106351.0
1964,Nevada,Arkansas,4050.0
1965,Nevada,South Dakota,3364.0
1966,Nevada,Mississippi,0.0
1967,Nevada,Kansas,2738.0
1968,Nevada,Virginia,15946.0
1969,Nevada,Georgia,75083.0
1970,Nevada,Kentucky,20262.0
1971,Nevada,Rhode Island,0.0
1972,Nevada,Oklahoma,13267.0
1973,Nevada,Louisiana,13313.0
1974,Nevada,Minnesota,50354.0
1975,Nevada,U.S. Pacific Trust Territories and Possessions,0.0
1976,Nevada,Michigan,52603.0
1977,Nevada,Pennsylvania,34422.0
1978,Nevada,Nebraska,12331.0
1979,Nevada,Wyoming,0.0
1980,Nevada,Oregon,45946.0
1981,Nevada,Iowa,7863.0
1982,Nevada,South Carolina,0.0
1983,Nevada,Vermont,0.0
1984,Nevada,Maryland,22409.0
1985,Nevada,Connecticut,3244.0
1986,Nevada,North Carolina,55885.0
1987,Nevada,New Mexico,13097.0
1988,Nevada,U.S. Virgin Islands,0.0
1989,Nevada,Texas,273618.0
1990,Nevada,New Jersey,35093.0
1991,Nevada,New Hampshire,0.0
1992,Nevada,Alaska,0.0
1993,Nevada,North Dakota,5011.0
1994,Nevada,Maine,0.0
1995,Nevada,Colorado,125126.0
1996,Nevada,California,505307.0
1997,Nevada,Missouri,41931.0
1998,Nevada,Nevada,61485.0
1999,Nevada,Delaware,0.0
2000,Nevada,Wisconsin,23566.0
2001,Nevada,New York,32720.0
2002,Nevada,Puerto Rico,1.0
2003,Nevada,Ohio,27299.0
2004,Nevada,Alabama,3667.0
2005,Nevada,Utah,54467.0
2006,Nevada,Hawaii,29434.0
2007,Nevada,Illinois,130197.0
2008,Nevada,Indiana,22745.0
2009,Nevada,Idaho,12446.0
2010,Nevada,West Virginia,0.0
2011,Nevada,Tennessee,22466.0
2012,Nevada,Arizona,94866.0
2013,Nevada,Massachusetts,20357.0
2014,Delaware,Montana,0.0
2015,Delaware,Florida,1130.0
2016,Delaware,Washington,0.0
2017,Delaware,Arkansas,0.0
2018,Delaware,South Dakota,0.0
2019,Delaware,Mississippi,0.0
2020,Delaware,Kansas,0.0
2021,Delaware,Virginia,0.0
2022,Delaware,Georgia,0.0
2023,Delaware,Kentucky,0.0
2024,Delaware,Rhode Island,0.0
2025,Delaware,Oklahoma,0.0
2026,Delaware,Louisiana,0.0
2027,Delaware,Minnesota,0.0
2028,Delaware,U.S. Pacific Trust Territories and Possessions,0.0
2029,Delaware,Michigan,0.0
2030,Delaware,Pennsylvania,0.0
2031,Delaware,Nebraska,0.0
2032,Delaware,Wyoming,0.0
2033,Delaware,Oregon,0.0
2034,Delaware,Iowa,0.0
2035,Delaware,South Carolina,0.0
2036,Delaware,Vermont,0.0
2037,Delaware,Maryland,0.0
2038,Delaware,Connecticut,0.0
2039,Delaware,North Carolina,0.0
2040,Delaware,New Mexico,0.0
2041,Delaware,U.S. Virgin Islands,0.0
2042,Delaware,Texas,0.0
2043,Delaware,New Jersey,0.0
2044,Delaware,New Hampshire,0.0
2045,Delaware,Alaska,0.0
2046,Delaware,North Dakota,0.0
2047,Delaware,Maine,0.0
2048,Delaware,Colorado,0.0
2049,Delaware,California,0.0
2050,Delaware,Missouri,0.0
2051,Delaware,Nevada,0.0
2052,Delaware,Delaware,0.0
2053,Delaware,Wisconsin,0.0
2054,Delaware,New York,0.0
2055,Delaware,Puerto Rico,0.0
2056,Delaware,Ohio,0.0
2057,Delaware,Alabama,0.0
2058,Delaware,Utah,97.0
2059,Delaware,Hawaii,0.0
2060,Delaware,Illinois,0.0
2061,Delaware,Indiana,0.0
2062,Delaware,Idaho,0.0
2063,Delaware,West Virginia,0.0
2064,Delaware,Tennessee,0.0
2065,Delaware,Arizona,0.0
2066,Delaware,Massachusetts,0.0
2067,Wisconsin,Montana,0.0
2068,Wisconsin,Florida,33210.0
2069,Wisconsin,Washington,4205.0
2070,Wisconsin,Arkansas,0.0
2071,Wisconsin,South Dakota,0.0
2072,Wisconsin,Mississippi,240.0
2073,Wisconsin,Kansas,0.0
2074,Wisconsin,Virginia,4626.0
2075,Wisconsin,Georgia,42402.0
2076,Wisconsin,Kentucky,191.0
2077,Wisconsin,Rhode Island,0.0
2078,Wisconsin,Oklahoma,51.0
2079,Wisconsin,Louisiana,0.0
2080,Wisconsin,Minnesota,38986.0
2081,Wisconsin,U.S. Pacific Trust Territories and Possessions,0.0
2082,Wisconsin,Michigan,32089.0
2083,Wisconsin,Pennsylvania,6667.0
2084,Wisconsin,Nebraska,165.0
2085,Wisconsin,Wyoming,0.0
2086,Wisconsin,Oregon,0.0
2087,Wisconsin,Iowa,0.0
2088,Wisconsin,South Carolina,0.0
2089,Wisconsin,Vermont,0.0
2090,Wisconsin,Maryland,8538.0
2091,Wisconsin,Connecticut,0.0
2092,Wisconsin,North Carolina,19736.0
2093,Wisconsin,New Mexico,0.0
2094,Wisconsin,U.S. Virgin Islands,0.0
2095,Wisconsin,Texas,29486.0
2096,Wisconsin,New Jersey,5284.0
2097,Wisconsin,New Hampshire,8.0
2098,Wisconsin,Alaska,0.0
2099,Wisconsin,North Dakota,0.0
2100,Wisconsin,Maine,0.0
2101,Wisconsin,Colorado,34245.0
2102,Wisconsin,California,3180.0
2103,Wisconsin,Missouri,2817.0
2104,Wisconsin,Nevada,21853.0
2105,Wisconsin,Delaware,0.0
2106,Wisconsin,Wisconsin,286.0
2107,Wisconsin,New York,6861.0
2108,Wisconsin,Puerto Rico,0.0
2109,Wisconsin,Ohio,58.0
2110,Wisconsin,Alabama,0.0
2111,Wisconsin,Utah,2186.0
2112,Wisconsin,Hawaii,0.0
2113,Wisconsin,Illinois,66935.0
2114,Wisconsin,Indiana,329.0
2115,Wisconsin,Idaho,0.0
2116,Wisconsin,West Virginia,0.0
2117,Wisconsin,Tennessee,8641.0
2118,Wisconsin,Arizona,26521.0
2119,Wisconsin,Massachusetts,2964.0
2120,New York,Montana,0.0
2121,New York,Florida,570006.0
2122,New York,Washington,30282.0
2123,New York,Arkansas,3050.0
2124,New York,South Dakota,0.0
2125,New York,Mississippi,222.0
2126,New York,Kansas,0.0
2127,New York,Virginia,111843.0
2128,New York,Georgia,185699.0
2129,New York,Kentucky,15189.0
2130,New York,Rhode Island,6.0
2131,New York,Oklahoma,230.0
2132,New York,Louisiana,14231.0
2133,New York,Minnesota,30807.0
2134,New York,U.S. Pacific Trust Territories and Possessions,0.0
2135,New York,Michigan,87977.0
2136,New York,Pennsylvania,42150.0
2137,New York,Nebraska,1278.0
2138,New York,Wyoming,177.0
2139,New York,Oregon,6613.0
2140,New York,Iowa,836.0
2141,New York,South Carolina,33077.0
2142,New York,Vermont,4273.0
2143,New York,Maryland,55405.0
2144,New York,Connecticut,35.0
2145,New York,North Carolina,152367.0
2146,New York,New Mexico,3360.0
2147,New York,U.S. Virgin Islands,1965.0
2148,New York,Texas,154308.0
2149,New York,New Jersey,15139.0
2150,New York,New Hampshire,339.0
2151,New York,Alaska,0.0
2152,New York,North Dakota,0.0
2153,New York,Maine,15287.0
2154,New York,Colorado,64527.0
2155,New York,California,216536.0
2156,New York,Missouri,23893.0
2157,New York,Nevada,32957.0
2158,New York,Delaware,0.0
2159,New York,Wisconsin,6866.0
2160,New York,New York,69760.0
2161,New York,Puerto Rico,38624.0
2162,New York,Ohio,21785.0
2163,New York,Alabama,1117.0
2164,New York,Utah,24079.0
2165,New York,Hawaii,5251.0
2166,New York,Illinois,195391.0
2167,New York,Indiana,11964.0
2168,New York,Idaho,0.0
2169,New York,West Virginia,26.0
2170,New York,Tennessee,42259.0
2171,New York,Arizona,28133.0
2172,New York,Massachusetts,57908.0
2173,Puerto Rico,Montana,0.0
2174,Puerto Rico,Florida,177487.0
2175,Puerto Rico,Washington,0.0
2176,Puerto Rico,Arkansas,0.0
2177,Puerto Rico,South Dakota,0.0
2178,Puerto Rico,Mississippi,0.0
2179,Puerto Rico,Kansas,0.0
2180,Puerto Rico,Virginia,8122.0
2181,Puerto Rico,Georgia,16864.0
2182,Puerto Rico,Kentucky,0.0
2183,Puerto Rico,Rhode Island,0.0
2184,Puerto Rico,Oklahoma,0.0
2185,Puerto Rico,Louisiana,19.0
2186,Puerto Rico,Minnesota,1013.0
2187,Puerto Rico,U.S. Pacific Trust Territories and Possessions,0.0
2188,Puerto Rico,Michigan,0.0
2189,Puerto Rico,Pennsylvania,24278.0
2190,Puerto Rico,Nebraska,0.0
2191,Puerto Rico,Wyoming,0.0
2192,Puerto Rico,Oregon,0.0
2193,Puerto Rico,Iowa,0.0
2194,Puerto Rico,South Carolina,0.0
2195,Puerto Rico,Vermont,0.0
2196,Puerto Rico,Maryland,12177.0
2197,Puerto Rico,Connecticut,4591.0
2198,Puerto Rico,North Carolina,11076.0
2199,Puerto Rico,New Mexico,0.0
2200,Puerto Rico,U.S. Virgin Islands,5443.0
2201,Puerto Rico,Texas,18232.0
2202,Puerto Rico,New Jersey,31295.0
2203,Puerto Rico,New Hampshire,0.0
2204,Puerto Rico,Alaska,0.0
2205,Puerto Rico,North Dakota,0.0
2206,Puerto Rico,Maine,0.0
2207,Puerto Rico,Colorado,0.0
2208,Puerto Rico,California,0.0
2209,Puerto Rico,Missouri,19.0
2210,Puerto Rico,Nevada,0.0
2211,Puerto Rico,Delaware,0.0
2212,Puerto Rico,Wisconsin,0.0
2213,Puerto Rico,New York,38422.0
2214,Puerto Rico,Puerto Rico,4795.0
2215,Puerto Rico,Ohio,0.0
2216,Puerto Rico,Alabama,0.0
2217,Puerto Rico,Utah,0.0
2218,Puerto Rico,Hawaii,0.0
2219,Puerto Rico,Illinois,9645.0
2220,Puerto Rico,Indiana,0.0
2221,Puerto Rico,Idaho,0.0
2222,Puerto Rico,West Virginia,0.0
2223,Puerto Rico,Tennessee,0.0
2224,Puerto Rico,Arizona,0.0
2225,Puerto Rico,Massachusetts,13929.0
2226,Ohio,Montana,0.0
2227,Ohio,Florida,136839.0
2228,Ohio,Washington,2773.0
2229,Ohio,Arkansas,0.0
2230,Ohio,South Dakota,124.0
2231,Ohio,Mississippi,586.0
2232,Ohio,Kansas,0.0
2233,Ohio,Virginia,36973.0
2234,Ohio,Georgia,79672.0
2235,Ohio,Kentucky,124.0
2236,Ohio,Rhode Island,0.0
2237,Ohio,Oklahoma,64.0
2238,Ohio,Louisiana,985.0
2239,Ohio,Minnesota,17605.0
2240,Ohio,U.S. Pacific Trust Territories and Possessions,0.0
2241,Ohio,Michigan,18236.0
2242,Ohio,Pennsylvania,16756.0
2243,Ohio,Nebraska,0.0
2244,Ohio,Wyoming,0.0
2245,Ohio,Oregon,0.0
2246,Ohio,Iowa,226.0
2247,Ohio,South Carolina,7782.0
2248,Ohio,Vermont,0.0
2249,Ohio,Maryland,19839.0
2250,Ohio,Connecticut,0.0
2251,Ohio,North Carolina,51250.0
2252,Ohio,New Mexico,0.0
2253,Ohio,U.S. Virgin Islands,0.0
2254,Ohio,Texas,55829.0
2255,Ohio,New Jersey,21728.0
2256,Ohio,New Hampshire,0.0
2257,Ohio,Alaska,0.0
2258,Ohio,North Dakota,0.0
2259,Ohio,Maine,0.0
2260,Ohio,Colorado,40274.0
2261,Ohio,California,14533.0
2262,Ohio,Missouri,4795.0
2263,Ohio,Nevada,27761.0
2264,Ohio,Delaware,0.0
2265,Ohio,Wisconsin,368.0
2266,Ohio,New York,21625.0
2267,Ohio,Puerto Rico,0.0
2268,Ohio,Ohio,961.0
2269,Ohio,Alabama,0.0
2270,Ohio,Utah,0.0
2271,Ohio,Hawaii,0.0
2272,Ohio,Illinois,97134.0
2273,Ohio,Indiana,317.0
2274,Ohio,Idaho,0.0
2275,Ohio,West Virginia,0.0
2276,Ohio,Tennessee,13653.0
2277,Ohio,Arizona,22917.0
2278,Ohio,Massachusetts,17964.0
2279,Alabama,Montana,0.0
2280,Alabama,Florida,13286.0
2281,Alabama,Washington,0.0
2282,Alabama,Arkansas,19.0
2283,Alabama,South Dakota,0.0
2284,Alabama,Mississippi,151.0
2285,Alabama,Kansas,0.0
2286,Alabama,Virginia,10540.0
2287,Alabama,Georgia,62820.0
2288,Alabama,Kentucky,161.0
2289,Alabama,Rhode Island,0.0
2290,Alabama,Oklahoma,138.0
2291,Alabama,Louisiana,0.0
2292,Alabama,Minnesota,0.0
2293,Alabama,U.S. Pacific Trust Territories and Possessions,0.0
2294,Alabama,Michigan,2574.0
2295,Alabama,Pennsylvania,3542.0
2296,Alabama,Nebraska,0.0
2297,Alabama,Wyoming,0.0
2298,Alabama,Oregon,0.0
2299,Alabama,Iowa,0.0
2300,Alabama,South Carolina,258.0
2301,Alabama,Vermont,0.0
2302,Alabama,Maryland,2059.0
2303,Alabama,Connecticut,0.0
2304,Alabama,North Carolina,29893.0
2305,Alabama,New Mexico,0.0
2306,Alabama,U.S. Virgin Islands,0.0
2307,Alabama,Texas,58578.0
2308,Alabama,New Jersey,23.0
2309,Alabama,New Hampshire,0.0
2310,Alabama,Alaska,0.0
2311,Alabama,North Dakota,0.0
2312,Alabama,Maine,0.0
2313,Alabama,Colorado,10916.0
2314,Alabama,California,0.0
2315,Alabama,Missouri,0.0
2316,Alabama,Nevada,4272.0
2317,Alabama,Delaware,0.0
2318,Alabama,Wisconsin,0.0
2319,Alabama,New York,1050.0
2320,Alabama,Puerto Rico,0.0
2321,Alabama,Ohio,0.0
2322,Alabama,Alabama,138.0
2323,Alabama,Utah,0.0
2324,Alabama,Hawaii,0.0
2325,Alabama,Illinois,11001.0
2326,Alabama,Indiana,0.0
2327,Alabama,Idaho,0.0
2328,Alabama,West Virginia,0.0
2329,Alabama,Tennessee,363.0
2330,Alabama,Arizona,171.0
2331,Alabama,Massachusetts,0.0
2332,Utah,Montana,38224.0
2333,Utah,Florida,41413.0
2334,Utah,Washington,57357.0
2335,Utah,Arkansas,0.0
2336,Utah,South Dakota,1530.0
2337,Utah,Mississippi,0.0
2338,Utah,Kansas,0.0
2339,Utah,Virginia,9336.0
2340,Utah,Georgia,47070.0
2341,Utah,Kentucky,4443.0
2342,Utah,Rhode Island,0.0
2343,Utah,Oklahoma,8783.0
2344,Utah,Louisiana,4312.0
2345,Utah,Minnesota,23857.0
2346,Utah,U.S. Pacific Trust Territories and Possessions,0.0
2347,Utah,Michigan,19389.0
2348,Utah,Pennsylvania,7783.0
2349,Utah,Nebraska,5850.0
2350,Utah,Wyoming,11014.0
2351,Utah,Oregon,39892.0
2352,Utah,Iowa,1877.0
2353,Utah,South Carolina,0.0
2354,Utah,Vermont,0.0
2355,Utah,Maryland,7540.0
2356,Utah,Connecticut,0.0
2357,Utah,North Carolina,20759.0
2358,Utah,New Mexico,5941.0
2359,Utah,U.S. Virgin Islands,0.0
2360,Utah,Texas,96696.0
2361,Utah,New Jersey,8267.0
2362,Utah,New Hampshire,0.0
2363,Utah,Alaska,1329.0
2364,Utah,North Dakota,0.0
2365,Utah,Maine,0.0
2366,Utah,Colorado,80260.0
2367,Utah,California,231819.0
2368,Utah,Missouri,22672.0
2369,Utah,Nevada,56333.0
2370,Utah,Delaware,96.0
2371,Utah,Wisconsin,2211.0
2372,Utah,New York,24508.0
2373,Utah,Puerto Rico,0.0
2374,Utah,Ohio,0.0
2375,Utah,Alabama,0.0
2376,Utah,Utah,16619.0
2377,Utah,Hawaii,6331.0
2378,Utah,Illinois,36054.0
2379,Utah,Indiana,0.0
2380,Utah,Idaho,31575.0
2381,Utah,West Virginia,0.0
2382,Utah,Tennessee,15654.0
2383,Utah,Arizona,74928.0
2384,Utah,Massachusetts,14250.0
2385,Hawaii,Montana,0.0
2386,Hawaii,Florida,1654.0
2387,Hawaii,Washington,69146.0
2388,Hawaii,Arkansas,0.0
2389,Hawaii,South Dakota,0.0
2390,Hawaii,Mississippi,0.0
2391,Hawaii,Kansas,0.0
2392,Hawaii,Virginia,838.0
2393,Hawaii,Georgia,7373.0
2394,Hawaii,Kentucky,0.0
2395,Hawaii,Rhode Island,0.0
2396,Hawaii,Oklahoma,0.0
2397,Hawaii,Louisiana,0.0
2398,Hawaii,Minnesota,0.0
2399,Hawaii,U.S. Pacific Trust Territories and Possessions,7143.0
2400,Hawaii,Michigan,0.0
2401,Hawaii,Pennsylvania,0.0
2402,Hawaii,Nebraska,0.0
2403,Hawaii,Wyoming,0.0
2404,Hawaii,Oregon,16537.0
2405,Hawaii,Iowa,0.0
2406,Hawaii,South Carolina,0.0
2407,Hawaii,Vermont,0.0
2408,Hawaii,Maryland,0.0
2409,Hawaii,Connecticut,0.0
2410,Hawaii,North Carolina,4925.0
2411,Hawaii,New Mexico,0.0
2412,Hawaii,U.S. Virgin Islands,0.0
2413,Hawaii,Texas,35984.0
2414,Hawaii,New Jersey,4998.0
2415,Hawaii,New Hampshire,0.0
2416,Hawaii,Alaska,3649.0
2417,Hawaii,North Dakota,0.0
2418,Hawaii,Maine,0.0
2419,Hawaii,Colorado,23371.0
2420,Hawaii,California,363067.0
2421,Hawaii,Missouri,0.0
2422,Hawaii,Nevada,33882.0
2423,Hawaii,Delaware,0.0
2424,Hawaii,Wisconsin,0.0
2425,Hawaii,New York,5063.0
2426,Hawaii,Puerto Rico,0.0
2427,Hawaii,Ohio,0.0
2428,Hawaii,Alabama,0.0
2429,Hawaii,Utah,6361.0
2430,Hawaii,Hawaii,385780.0
2431,Hawaii,Illinois,11032.0
2432,Hawaii,Indiana,0.0
2433,Hawaii,Idaho,0.0
2434,Hawaii,West Virginia,0.0
2435,Hawaii,Tennessee,0.0
2436,Hawaii,Arizona,40870.0
2437,Hawaii,Massachusetts,3262.0
2438,Illinois,Montana,6407.0
2439,Illinois,Florida,402958.0
2440,Illinois,Washington,71688.0
2441,Illinois,Arkansas,14747.0
2442,Illinois,South Dakota,14007.0
2443,Illinois,Mississippi,185.0
2444,Illinois,Kansas,12397.0
2445,Illinois,Virginia,125001.0
2446,Illinois,Georgia,115953.0
2447,Illinois,Kentucky,57548.0
2448,Illinois,Rhode Island,16183.0
2449,Illinois,Oklahoma,24637.0
2450,Illinois,Louisiana,29642.0
2451,Illinois,Minnesota,86652.0
2452,Illinois,U.S. Pacific Trust Territories and Possessions,0.0
2453,Illinois,Michigan,110145.0
2454,Illinois,Pennsylvania,116345.0
2455,Illinois,Nebraska,37972.0
2456,Illinois,Wyoming,910.0
2457,Illinois,Oregon,33153.0
2458,Illinois,Iowa,34116.0
2459,Illinois,South Carolina,37701.0
2460,Illinois,Vermont,9517.0
2461,Illinois,Maryland,43694.0
2462,Illinois,Connecticut,29741.0
2463,Illinois,North Carolina,95876.0
2464,Illinois,New Mexico,14276.0
2465,Illinois,U.S. Virgin Islands,503.0
2466,Illinois,Texas,289629.0
2467,Illinois,New Jersey,54108.0
2468,Illinois,New Hampshire,11142.0
2469,Illinois,Alaska,3287.0
2470,Illinois,North Dakota,8393.0
2471,Illinois,Maine,23227.0
2472,Illinois,Colorado,143944.0
2473,Illinois,California,331042.0
2474,Illinois,Missouri,101150.0
2475,Illinois,Nevada,129551.0
2476,Illinois,Delaware,0.0
2477,Illinois,Wisconsin,63354.0
2478,Illinois,New York,196936.0
2479,Illinois,Puerto Rico,10255.0
2480,Illinois,Ohio,98195.0
2481,Illinois,Alabama,10112.0
2482,Illinois,Utah,34483.0
2483,Illinois,Hawaii,10918.0
2484,Illinois,Illinois,43263.0
2485,Illinois,Indiana,43428.0
2486,Illinois,Idaho,10395.0
2487,Illinois,West Virginia,3292.0
2488,Illinois,Tennessee,85048.0
2489,Illinois,Arizona,133240.0
2490,Illinois,Massachusetts,79750.0
2491,Indiana,Montana,0.0
2492,Indiana,Florida,98270.0
2493,Indiana,Washington,4630.0
2494,Indiana,Arkansas,0.0
2495,Indiana,South Dakota,0.0
2496,Indiana,Mississippi,299.0
2497,Indiana,Kansas,79.0
2498,Indiana,Virginia,14272.0
2499,Indiana,Georgia,54797.0
2500,Indiana,Kentucky,0.0
2501,Indiana,Rhode Island,31.0
2502,Indiana,Oklahoma,0.0
2503,Indiana,Louisiana,0.0
2504,Indiana,Minnesota,19252.0
2505,Indiana,U.S. Pacific Trust Territories and Possessions,0.0
2506,Indiana,Michigan,16695.0
2507,Indiana,Pennsylvania,10821.0
2508,Indiana,Nebraska,559.0
2509,Indiana,Wyoming,0.0
2510,Indiana,Oregon,0.0
2511,Indiana,Iowa,262.0
2512,Indiana,South Carolina,1044.0
2513,Indiana,Vermont,0.0
2514,Indiana,Maryland,10534.0
2515,Indiana,Connecticut,0.0
2516,Indiana,North Carolina,30751.0
2517,Indiana,New Mexico,0.0
2518,Indiana,U.S. Virgin Islands,0.0
2519,Indiana,Texas,58333.0
2520,Indiana,New Jersey,8388.0
2521,Indiana,New Hampshire,0.0
2522,Indiana,Alaska,0.0
2523,Indiana,North Dakota,122.0
2524,Indiana,Maine,0.0
2525,Indiana,Colorado,21692.0
2526,Indiana,California,14548.0
2527,Indiana,Missouri,49.0
2528,Indiana,Nevada,22910.0
2529,Indiana,Delaware,0.0
2530,Indiana,Wisconsin,367.0
2531,Indiana,New York,11484.0
2532,Indiana,Puerto Rico,0.0
2533,Indiana,Ohio,293.0
2534,Indiana,Alabama,0.0
2535,Indiana,Utah,0.0
2536,Indiana,Hawaii,0.0
2537,Indiana,Illinois,42807.0
2538,Indiana,Indiana,89.0
2539,Indiana,Idaho,0.0
2540,Indiana,West Virginia,0.0
2541,Indiana,Tennessee,340.0
2542,Indiana,Arizona,18668.0
2543,Indiana,Massachusetts,9024.0
2544,Idaho,Montana,0.0
2545,Idaho,Florida,0.0
2546,Idaho,Washington,36080.0
2547,Idaho,Arkansas,0.0
2548,Idaho,South Dakota,0.0
2549,Idaho,Mississippi,0.0
2550,Idaho,Kansas,0.0
2551,Idaho,Virginia,0.0
2552,Idaho,Georgia,2885.0
2553,Idaho,Kentucky,0.0
2554,Idaho,Rhode Island,0.0
2555,Idaho,Oklahoma,0.0
2556,Idaho,Louisiana,0.0
2557,Idaho,Minnesota,6964.0
2558,Idaho,U.S. Pacific Trust Territories and Possessions,0.0
2559,Idaho,Michigan,0.0
2560,Idaho,Pennsylvania,0.0
2561,Idaho,Nebraska,0.0
2562,Idaho,Wyoming,0.0
2563,Idaho,Oregon,5921.0
2564,Idaho,Iowa,0.0
2565,Idaho,South Carolina,0.0
2566,Idaho,Vermont,0.0
2567,Idaho,Maryland,0.0
2568,Idaho,Connecticut,0.0
2569,Idaho,North Carolina,0.0
2570,Idaho,New Mexico,0.0
2571,Idaho,U.S. Virgin Islands,0.0
2572,Idaho,Texas,16388.0
2573,Idaho,New Jersey,2.0
2574,Idaho,New Hampshire,0.0
2575,Idaho,Alaska,0.0
2576,Idaho,North Dakota,0.0
2577,Idaho,Maine,0.0
2578,Idaho,Colorado,30817.0
2579,Idaho,California,43415.0
2580,Idaho,Missouri,0.0
2581,Idaho,Nevada,12597.0
2582,Idaho,Delaware,0.0
2583,Idaho,Wisconsin,0.0
2584,Idaho,New York,0.0
2585,Idaho,Puerto Rico,0.0
2586,Idaho,Ohio,0.0
2587,Idaho,Alabama,0.0
2588,Idaho,Utah,33209.0
2589,Idaho,Hawaii,0.0
2590,Idaho,Illinois,9719.0
2591,Idaho,Indiana,0.0
2592,Idaho,Idaho,37.0
2593,Idaho,West Virginia,0.0
2594,Idaho,Tennessee,0.0
2595,Idaho,Arizona,18144.0
2596,Idaho,Massachusetts,0.0
2597,West Virginia,Montana,0.0
2598,West Virginia,Florida,7785.0
2599,West Virginia,Washington,0.0
2600,West Virginia,Arkansas,0.0
2601,West Virginia,South Dakota,0.0
2602,West Virginia,Mississippi,0.0
2603,West Virginia,Kansas,0.0
2604,West Virginia,Virginia,2768.0
2605,West Virginia,Georgia,3919.0
2606,West Virginia,Kentucky,0.0
2607,West Virginia,Rhode Island,0.0
2608,West Virginia,Oklahoma,0.0
2609,West Virginia,Louisiana,0.0
2610,West Virginia,Minnesota,0.0
2611,West Virginia,U.S. Pacific Trust Territories and Possessions,0.0
2612,West Virginia,Michigan,195.0
2613,West Virginia,Pennsylvania,602.0
2614,West Virginia,Nebraska,0.0
2615,West Virginia,Wyoming,0.0
2616,West Virginia,Oregon,0.0
2617,West Virginia,Iowa,167.0
2618,West Virginia,South Carolina,0.0
2619,West Virginia,Vermont,0.0
2620,West Virginia,Maryland,21.0
2621,West Virginia,Connecticut,0.0
2622,West Virginia,North Carolina,8698.0
2623,West Virginia,New Mexico,0.0
2624,West Virginia,U.S. Virgin Islands,0.0
2625,West Virginia,Texas,635.0
2626,West Virginia,New Jersey,0.0
2627,West Virginia,New Hampshire,0.0
2628,West Virginia,Alaska,0.0
2629,West Virginia,North Dakota,0.0
2630,West Virginia,Maine,0.0
2631,West Virginia,Colorado,7.0
2632,West Virginia,California,0.0
2633,West Virginia,Missouri,0.0
2634,West Virginia,Nevada,0.0
2635,West Virginia,Delaware,0.0
2636,West Virginia,Wisconsin,0.0
2637,West Virginia,New York,22.0
2638,West Virginia,Puerto Rico,0.0
2639,West Virginia,Ohio,0.0
2640,West Virginia,Alabama,0.0
2641,West Virginia,Utah,0.0
2642,West Virginia,Hawaii,0.0
2643,West Virginia,Illinois,2798.0
2644,West Virginia,Indiana,48.0
2645,West Virginia,Idaho,0.0
2646,West Virginia,West Virginia,1342.0
2647,West Virginia,Tennessee,128.0
2648,West Virginia,Arizona,0.0
2649,West Virginia,Massachusetts,0.0
2650,Tennessee,Montana,1071.0
2651,Tennessee,Florida,166234.0
2652,Tennessee,Washington,13285.0
2653,Tennessee,Arkansas,901.0
2654,Tennessee,South Dakota,12.0
2655,Tennessee,Mississippi,2259.0
2656,Tennessee,Kansas,0.0
2657,Tennessee,Virginia,42358.0
2658,Tennessee,Georgia,135430.0
2659,Tennessee,Kentucky,208.0
2660,Tennessee,Rhode Island,0.0
2661,Tennessee,Oklahoma,989.0
2662,Tennessee,Louisiana,7592.0
2663,Tennessee,Minnesota,25483.0
2664,Tennessee,U.S. Pacific Trust Territories and Possessions,0.0
2665,Tennessee,Michigan,35420.0
2666,Tennessee,Pennsylvania,36259.0
2667,Tennessee,Nebraska,704.0
2668,Tennessee,Wyoming,0.0
2669,Tennessee,Oregon,0.0
2670,Tennessee,Iowa,2398.0
2671,Tennessee,South Carolina,12033.0
2672,Tennessee,Vermont,0.0
2673,Tennessee,Maryland,16643.0
2674,Tennessee,Connecticut,4081.0
2675,Tennessee,North Carolina,84629.0
2676,Tennessee,New Mexico,0.0
2677,Tennessee,U.S. Virgin Islands,0.0
2678,Tennessee,Texas,181517.0
2679,Tennessee,New Jersey,23211.0
2680,Tennessee,New Hampshire,0.0
2681,Tennessee,Alaska,0.0
2682,Tennessee,North Dakota,2863.0
2683,Tennessee,Maine,0.0
2684,Tennessee,Colorado,55049.0
2685,Tennessee,California,59742.0
2686,Tennessee,Missouri,22880.0
2687,Tennessee,Nevada,22565.0
2688,Tennessee,Delaware,0.0
2689,Tennessee,Wisconsin,8767.0
2690,Tennessee,New York,41185.0
2691,Tennessee,Puerto Rico,0.0
2692,Tennessee,Ohio,14387.0
2693,Tennessee,Alabama,593.0
2694,Tennessee,Utah,16375.0
2695,Tennessee,Hawaii,0.0
2696,Tennessee,Illinois,86341.0
2697,Tennessee,Indiana,516.0
2698,Tennessee,Idaho,0.0
2699,Tennessee,West Virginia,136.0
2700,Tennessee,Tennessee,614.0
2701,Tennessee,Arizona,28290.0
2702,Tennessee,Massachusetts,22024.0
2703,Arizona,Montana,6274.0
2704,Arizona,Florida,45673.0
2705,Arizona,Washington,96597.0
2706,Arizona,Arkansas,859.0
2707,Arizona,South Dakota,9562.0
2708,Arizona,Mississippi,0.0
2709,Arizona,Kansas,2170.0
2710,Arizona,Virginia,16016.0
2711,Arizona,Georgia,55401.0
2712,Arizona,Kentucky,7763.0
2713,Arizona,Rhode Island,0.0
2714,Arizona,Oklahoma,19793.0
2715,Arizona,Louisiana,8304.0
2716,Arizona,Minnesota,55230.0
2717,Arizona,U.S. Pacific Trust Territories and Possessions,0.0
2718,Arizona,Michigan,30950.0
2719,Arizona,Pennsylvania,32399.0
2720,Arizona,Nebraska,19750.0
2721,Arizona,Wyoming,156.0
2722,Arizona,Oregon,49731.0
2723,Arizona,Iowa,12906.0
2724,Arizona,South Carolina,0.0
2725,Arizona,Vermont,5.0
2726,Arizona,Maryland,12321.0
2727,Arizona,Connecticut,175.0
2728,Arizona,North Carolina,42974.0
2729,Arizona,New Mexico,30666.0
2730,Arizona,U.S. Virgin Islands,0.0
2731,Arizona,Texas,257685.0
2732,Arizona,New Jersey,26898.0
2733,Arizona,New Hampshire,0.0
2734,Arizona,Alaska,1776.0
2735,Arizona,North Dakota,7292.0
2736,Arizona,Maine,0.0
2737,Arizona,Colorado,144877.0
2738,Arizona,California,463501.0
2739,Arizona,Missouri,41972.0
2740,Arizona,Nevada,94917.0
2741,Arizona,Delaware,0.0
2742,Arizona,Wisconsin,23100.0
2743,Arizona,New York,27537.0
2744,Arizona,Puerto Rico,0.0
2745,Arizona,Ohio,22345.0
2746,Arizona,Alabama,161.0
2747,Arizona,Utah,73597.0
2748,Arizona,Hawaii,38139.0
2749,Arizona,Illinois,125258.0
2750,Arizona,Indiana,18187.0
2751,Arizona,Idaho,16789.0
2752,Arizona,West Virginia,0.0
2753,Arizona,Tennessee,26800.0
2754,Arizona,Arizona,53024.0
2755,Arizona,Massachusetts,19004.0
2756,Massachusetts,Montana,0.0
2757,Massachusetts,Florida,214286.0
2758,Massachusetts,Washington,27863.0
2759,Massachusetts,Arkansas,0.0
2760,Massachusetts,South Dakota,0.0
2761,Massachusetts,Mississippi,0.0
2762,Massachusetts,Kansas,0.0
2763,Massachusetts,Virginia,76503.0
2764,Massachusetts,Georgia,71769.0
2765,Massachusetts,Kentucky,6275.0
2766,Massachusetts,Rhode Island,173.0
2767,Massachusetts,Oklahoma,0.0
2768,Massachusetts,Louisiana,6136.0
2769,Massachusetts,Minnesota,29380.0
2770,Massachusetts,U.S. Pacific Trust Territories and Possessions,0.0
2771,Massachusetts,Michigan,30468.0
2772,Massachusetts,Pennsylvania,43339.0
2773,Massachusetts,Nebraska,0.0
2774,Massachusetts,Wyoming,0.0
2775,Massachusetts,Oregon,6142.0
2776,Massachusetts,Iowa,0.0
2777,Massachusetts,South Carolina,15015.0
2778,Massachusetts,Vermont,589.0
2779,Massachusetts,Maryland,25321.0
2780,Massachusetts,Connecticut,0.0
2781,Massachusetts,North Carolina,67588.0
2782,Massachusetts,New Mexico,0.0
2783,Massachusetts,U.S. Virgin Islands,624.0
2784,Massachusetts,Texas,79137.0
2785,Massachusetts,New Jersey,34429.0
2786,Massachusetts,New Hampshire,550.0
2787,Massachusetts,Alaska,0.0
2788,Massachusetts,North Dakota,0.0
2789,Massachusetts,Maine,3603.0
2790,Massachusetts,Colorado,42560.0
2791,Massachusetts,California,108993.0
2792,Massachusetts,Missouri,10900.0
2793,Massachusetts,Nevada,20457.0
2794,Massachusetts,Delaware,0.0
2795,Massachusetts,Wisconsin,2907.0
2796,Massachusetts,New York,61953.0
2797,Massachusetts,Puerto Rico,14252.0
2798,Massachusetts,Ohio,18906.0
2799,Massachusetts,Alabama,0.0
2800,Massachusetts,Utah,14752.0
2801,Massachusetts,Hawaii,3258.0
2802,Massachusetts,Illinois,81357.0
2803,Massachusetts,Indiana,9270.0
2804,Massachusetts,Idaho,0.0
2805,Massachusetts,West Virginia,0.0
2806,Massachusetts,Tennessee,22922.0
2807,Massachusetts,Arizona,18550.0
2808,Massachusetts,Massachusetts,13255.0
